"","Epitope...2","Epitope...3","Host","1st immunogen...5","1st immunogen...6"
"1","Linear peptide","LGKIIAQQNQSRGKGPGKKNKKKNPEKP","Sus scrofa (pig)","Source Organism","PRRSV VR2332 (PRRSV VR-2332)"
"2","Linear peptide","LGKIIAQQNQSRGKGPGKKNKKKNPEKP","Sus scrofa (pig)","Taxonomic Sibling","Porcine respiratory and reproductive syndrome virus 17198-6"
"3","Linear peptide","LGKIIAQQNQSRGKGPGKKNKKKNPEKP","Sus scrofa (pig)","Taxonomic Sibling","Porcine respiratory and reproductive syndrome virus JA142"
"4","Linear peptide","LGKIIAQQNQSRGKGPGKKNKKKNPEKP","Sus scrofa (pig)","Taxonomic Sibling","Porcine respiratory and reproductive syndrome virus SDSU73"
"5","Linear peptide","LGKIIAQQNQSRGKGPGKKNKKKNPEKP","Sus scrofa (pig)","Taxonomic Sibling","Porcine respiratory and reproductive syndrome virus MN-184"
"6","Linear peptide","LGKIIAQQNQSRGKGPGKKNKKKNPEKP","Sus scrofa (pig)","Taxonomic Sibling","Porcine respiratory and reproductive syndrome virus Abst-1"
"7","Linear peptide","LGKIIAQQNQSRGKGPGKKNKKKNPEKP","Sus scrofa (pig)","Taxonomic Sibling","Porcine respiratory and reproductive syndrome virus ATP"
"8","Linear peptide","QLCQMLGKIIAQQNQSRGKGPGKKNKKK","Sus scrofa (pig)","Taxonomic Parent","Porcine reproductive and respiratory syndrome virus"
"9","Linear peptide","VNQLCQLLGAMIKSQRQQPGGQAKKKK","Sus scrofa (pig)","Other","Porcine reproductive and respiratory syndrome virus"
"10","Linear peptide","KKNKKKNPEKPHFPLATEDDVRHHFTPS","Sus scrofa (pig)","Taxonomic Parent","Porcine reproductive and respiratory syndrome virus"
"11","Linear peptide","IAQQNQSRGKGPGKKNKKKNPEKPHFPL","Sus scrofa (pig)","Taxonomic Parent","Porcine reproductive and respiratory syndrome virus"
"12","Linear peptide","LGKIIAQQNQSRGKGPGKKNKKKNPEKP","Sus scrofa (pig)","Taxonomic Parent","Porcine reproductive and respiratory syndrome virus"
"13","Linear peptide","GAMIKSQRQQPGGQAKKKKPEKPHFPL","Sus scrofa (pig)","Other","Porcine reproductive and respiratory syndrome virus"
"14","Linear peptide","LGKIIAQQNQSRGKGPGKKSKKKSPEKP","Sus scrofa (pig)","Other","Porcine reproductive and respiratory syndrome virus"
"15","Linear peptide","LGKIIAQQNQSRGKGPGKKIKNKNPEKP","Sus scrofa (pig)","Taxonomic Parent","Porcine reproductive and respiratory syndrome virus"
"16","Linear peptide","LGKIIAQQSQSRVKGPGRKNKKKNPEKP","Sus scrofa (pig)","Taxonomic Parent","Porcine reproductive and respiratory syndrome virus"
"17","Linear peptide","QLCQMLGKIIAQQNQSRGKGPGKKNKKK","Sus scrofa (pig)","Taxonomic Sibling","Lelystad virus (PRRSV strain Lelystad)"
"18","Linear peptide","VNQLCQLLGAMIKSQRQQPGGQAKKKK","Sus scrofa (pig)","Source Organism","Lelystad virus (PRRSV strain Lelystad)"
"19","Linear peptide","KKNKKKNPEKPHFPLATEDDVRHHFTPS","Sus scrofa (pig)","Taxonomic Sibling","Lelystad virus (PRRSV strain Lelystad)"
"20","Linear peptide","GQAKKKKPEKPHFPLAAEDDIRHHLTQT","Sus scrofa (pig)","Source Organism","Lelystad virus (PRRSV strain Lelystad)"
"21","Linear peptide","IAQQNQSRGKGPGKKNKKKNPEKPHFPL","Sus scrofa (pig)","Taxonomic Sibling","Lelystad virus (PRRSV strain Lelystad)"
"22","Linear peptide","LGKIIAQQNQSRGKGPGKKNKKKNPEKP","Sus scrofa (pig)","Taxonomic Sibling","Lelystad virus (PRRSV strain Lelystad)"
"23","Linear peptide","GAMIKSQRQQPGGQAKKKKPEKPHFPL","Sus scrofa (pig)","Source Organism","Lelystad virus (PRRSV strain Lelystad)"
"24","Linear peptide","LGKIIAQQNQSRGKGPGKKSKKKSPEKP","Sus scrofa (pig)","Source Organism","Lelystad virus (PRRSV strain Lelystad)"
"25","Linear peptide","LGKIIAQQNQSRGKGPGKKIKNKNPEKP","Sus scrofa (pig)","Taxonomic Sibling","Lelystad virus (PRRSV strain Lelystad)"
"26","Linear peptide","KPEKPHFPLAAEDDIRHHLTQTERSLCLQSIQTAFNQGAGTASL","Sus scrofa (pig)","Source Organism","Lelystad virus (PRRSV strain Lelystad)"
"27","Linear peptide","FATTLPKKQIKHKKVR","Sus scrofa (pig)","Source Antigen","activated oncosphere TSOL18"
"28","Linear peptide","TTLPKKQIKHKKVRRS","Sus scrofa (pig)","Source Antigen","activated oncosphere TSOL18"
"29","Linear peptide","EVGREQPLHSLFLWGP","Sus scrofa (pig)","Source Antigen","TSO45-1A"
"30","Linear peptide","LVLRKHIHTPLDDTNP","Sus scrofa (pig)","Source Antigen","TSO45-1A"
"31","Linear peptide","TPLDDTNPMENYFHWG","Sus scrofa (pig)","Source Antigen","TSO45-1A"
"32","Linear peptide","MENYFHWGPVTNQSIQ","Sus scrofa (pig)","Source Antigen","TSO45-1A"
"33","Linear peptide","VYNGNCKYGENAVTNVRGDLQVLAQKAARCLPTSFNYGAIK","Sus scrofa (pig)","Epitope","VYNGNCKYGENAVTNVRGDLQVLAQKAARCLPTSFNYGAIK"
"34","Linear peptide","NGSSKYGDTSTNNVRGDLQVLAQKAERTL","Sus scrofa (pig)","Source Antigen","VP1"
"35","Linear peptide","HHPVDLADWELIESPED","Sus scrofa (pig)","Source Organism","Porcine respiratory and reproductive syndrome virus 111/92"
"36","Linear peptide","QERGHKAPHPAVLAGGLSKQQVQVVEGGRSGL","Sus scrofa (pig)","Source Organism","Porcine respiratory and reproductive syndrome virus 111/92"
"37","Linear peptide","PDNWEDEPLDLSRSALTAATTLVREQTPHNPGSSTGVRPATAQEFIP","Sus scrofa (pig)","Source Organism","Porcine respiratory and reproductive syndrome virus 111/92"
"38","Linear peptide","TSNETLSGADPEEFVELKRPRFSAQALM","Sus scrofa (pig)","Source Organism","Porcine respiratory and reproductive syndrome virus 111/92"
"39","Linear peptide","QLPAQWDKELDVAPPPKPFGLAPE","Sus scrofa (pig)","Source Organism","Porcine respiratory and reproductive syndrome virus 111/92"
"40","Linear peptide","HTFKTNGDYAWSHADDWQGVAPVVKV","Sus scrofa (pig)","Source Organism","Porcine respiratory and reproductive syndrome virus 111/92"
"41","Linear peptide","TQQRLEPGRNMWCKIG","Sus scrofa (pig)","Source Organism","Porcine respiratory and reproductive syndrome virus 111/92"
"42","Linear peptide","VYNGNCKYGENAVTNVRGDLQVLAQKAARCLPTSFNYGAIK","Sus scrofa (pig)","Epitope","VYNGNCKYGENAVTNVRGDLQVLAQKAARCLPTSFNYGAIK"
"43","Linear peptide","CARPHGASEESQSVTFNKPLNTPQ","Sus scrofa (pig)","Structurally Related","Porcine respiratory and reproductive syndrome virus 111/92"
"44","Linear peptide","PEKPHFPLAAEDDIRHH","Sus scrofa (pig)","Taxonomic Parent","Porcine reproductive and respiratory syndrome virus"
"45","Linear peptide","LTRQAAAEVYEPGRS","Sus scrofa (pig)","Taxonomic Child","Porcine respiratory and reproductive syndrome virus CH-1a"
"46","Linear peptide","LWCRIGHDRCGEDDH","Sus scrofa (pig)","Taxonomic Child","Porcine respiratory and reproductive syndrome virus CH-1a"
"47","Linear peptide","NYTVCPPCLTRQAAAE","Sus scrofa (pig)","Taxonomic Child","Porcine respiratory and reproductive syndrome virus CH-1a"
"48","Linear peptide","VYEPGRSLWCRIGHDR","Sus scrofa (pig)","Taxonomic Child","Porcine respiratory and reproductive syndrome virus CH-1a"
"49","Linear peptide","DRCGEDDHDELGFMVP","Sus scrofa (pig)","Taxonomic Child","Porcine respiratory and reproductive syndrome virus CH-1a"
"50","Linear peptide","VPPGLSSEGHLTSVYA","Sus scrofa (pig)","Taxonomic Child","Porcine respiratory and reproductive syndrome virus CH-1a"
"51","Linear peptide","CKEDYRYAISSTNEIGLLGAGGLT","Sus scrofa (pig)","Epitope","CKEDYRYAISSTNEIGLLGAGGLT"
"52","Linear peptide","AGGLTTTWKEYSHDLQ","Sus scrofa (pig)","Epitope","AGGLTTTWKEYSHDLQ"
"53","Linear peptide","SHDLQLNDGTVKAICVAGSFKVT","Sus scrofa (pig)","Epitope","SHDLQLNDGTVKAICVAGSFKVT"
"54","Linear peptide","SLHKGALLTSVTFELLFDGTN","Sus scrofa (pig)","Epitope","SLHKGALLTSVTFELLFDGTN"
"55","Linear peptide","GAMIKSQRQQPRGGQAKKKKPEKPHFPL","Sus scrofa (pig)","Source Organism","Porcine reproductive and respiratory syndrome virus"
"56","Linear peptide","VLVNANNSSSSHFQSIYN","Sus scrofa (pig)","Taxonomic Child","Porcine respiratory and reproductive syndrome virus strain IA-97-7895"
"57","Linear peptide","SGSGANNSSSSHFQSIYN","Sus scrofa (pig)","Structurally Related","Porcine respiratory and reproductive syndrome virus strain IA-97-7895"
"58","Linear peptide","SGSGANNSSSSGSGSIYN","Sus scrofa (pig)","Structurally Related","Porcine respiratory and reproductive syndrome virus strain IA-97-7895"
"59","Linear peptide","EVGGDLVTIKHVVLEGVKAQPLTRTSAEQWEA","Sus scrofa (pig)","Source Organism","Porcine respiratory and reproductive syndrome virus Olot/91"
"60","Linear peptide","SELRRHKNKNPFLFG","Sus scrofa (pig)","Source Organism","Glycine max (soybeans)"
"61","Linear peptide","KNPFLFGSNRFETLF","Sus scrofa (pig)","Source Organism","Glycine max (soybeans)"
"62","Linear peptide","NRFETLFKNQYGRIR","Sus scrofa (pig)","Source Organism","Glycine max (soybeans)"
"63","Linear peptide","NQYGRIRVLQRFNQR","Sus scrofa (pig)","Source Organism","Glycine max (soybeans)"
"64","Linear peptide","LQRFNQRSPQLQNLR","Sus scrofa (pig)","Source Organism","Glycine max (soybeans)"
"65","Linear peptide","SSHLQLIYNLTLCELNG","Sus scrofa (pig)","Source Organism","PRRSV VR2332 (PRRSV VR-2332)"
"66","Linear peptide","SSTYQYIYNLTICELNG","Sus scrofa (pig)","Taxonomic Sibling","PRRSV VR2332 (PRRSV VR-2332)"
"67","Linear peptide","SSTKNLIYNLTLCELNV","Sus scrofa (pig)","Taxonomic Sibling","PRRSV VR2332 (PRRSV VR-2332)"
"68","Linear peptide","SSTKNLIYTSTLCELNV","Sus scrofa (pig)","Taxonomic Sibling","PRRSV VR2332 (PRRSV VR-2332)"
"69","Linear peptide","SSTKNLIKNLTLCELNV","Sus scrofa (pig)","Taxonomic Sibling","PRRSV VR2332 (PRRSV VR-2332)"
"70","Linear peptide","SSTKNLTSNLTLCELNV","Sus scrofa (pig)","Taxonomic Sibling","PRRSV VR2332 (PRRSV VR-2332)"
"71","Linear peptide","SSTKNLIYTSTLCELNVTGF","Sus scrofa (pig)","Taxonomic Sibling","PRRSV VR2332 (PRRSV VR-2332)"
"72","Linear peptide","SSTKNLIYNLTLCELNVTGFQQ","Sus scrofa (pig)","Taxonomic Sibling","PRRSV VR2332 (PRRSV VR-2332)"
"73","Linear peptide","GSGVRGDFGSLAPRVARQL + D-aa(G1,S2,G3,V4,R5,G6,D7,F8,G9,S10,L11,A12,P13,R14,V15,A16,R17,Q18,L19)","Sus scrofa (pig)","Epitope","GSGVRGDFGSLAPRVARQL + D-aa(G1,S2,G3,V4,R5,G6,D7,F8,G9,S10,L11,A12,P13,R14,V15,A16,R17,Q18,L19)"
"74","Linear peptide","GSGVRGDFGSLAPRVARQL + D-aa(G1,S2,G3,V4,R5,G6,D7,F8,G9,S10,L11,A12,P13,R14,V15,A16,R17,Q18,L19)","Sus scrofa (pig)","Epitope","GSGVRGDFGSLAPRVARQL + D-aa(G1,S2,G3,V4,R5,G6,D7,F8,G9,S10,L11,A12,P13,R14,V15,A16,R17,Q18,L19)"
"75","Linear peptide","GSGVRGDFGSLAPRVARQL + D-aa(G1,S2,G3,V4,R5,G6,D7,F8,G9,S10,L11,A12,P13,R14,V15,A16,R17,Q18,L19)","Sus scrofa (pig)","Epitope","GSGVRGDFGSLAPRVARQL + D-aa(G1,S2,G3,V4,R5,G6,D7,F8,G9,S10,L11,A12,P13,R14,V15,A16,R17,Q18,L19)"
"76","Linear peptide","SSHLQLIYNLTLCELNGTDWLAN","Sus scrofa (pig)","Taxonomic Sibling","Lelystad virus (PRRSV strain Lelystad)"
"77","Linear peptide","SSTYQYIYNLTICELNGTDWLSS","Sus scrofa (pig)","Source Organism","Lelystad virus (PRRSV strain Lelystad)"
"78","Linear peptide","FADGNGDSSTYQYIYNLTICELNG","Sus scrofa (pig)","Source Organism","Lelystad virus (PRRSV strain Lelystad)"
"79","Linear peptide","ANASNDSSSHLQLIYNLTLCELNGTDWLAN","Sus scrofa (pig)","Taxonomic Sibling","Lelystad virus (PRRSV strain Lelystad)"
"80","Linear peptide","FADGNGDSSTYQYIYNLTICELNGTDWLSS","Sus scrofa (pig)","Source Organism","Lelystad virus (PRRSV strain Lelystad)"
"81","Linear peptide","SSHLQLIYNLTLCELNGTDWLAN","Sus scrofa (pig)","Source Organism","PRRSV VR2332 (PRRSV VR-2332)"
"82","Linear peptide","SSTYQYIYNLTICELNGTDWLSS","Sus scrofa (pig)","Taxonomic Sibling","PRRSV VR2332 (PRRSV VR-2332)"
"83","Linear peptide","FADGNGDSSTYQYIYNLTICELNG","Sus scrofa (pig)","Taxonomic Sibling","PRRSV VR2332 (PRRSV VR-2332)"
"84","Linear peptide","ANASNDSSSHLQLIYNLTLCELNGTDWLAN","Sus scrofa (pig)","Source Organism","PRRSV VR2332 (PRRSV VR-2332)"
"85","Linear peptide","FADGNGDSSTYQYIYNLTICELNGTDWLSS","Sus scrofa (pig)","Taxonomic Sibling","PRRSV VR2332 (PRRSV VR-2332)"
"86","Linear peptide","SSHLQLIYNLTLCELNGTDWLAN","Sus scrofa (pig)","Taxonomic Sibling","Porcine respiratory and reproductive syndrome virus SD02-11"
"87","Linear peptide","SSTYQYIYNLTICELNGTDWLSS","Sus scrofa (pig)","Taxonomic Sibling","Porcine respiratory and reproductive syndrome virus SD02-11"
"88","Linear peptide","FADGNGDSSTYQYIYNLTICELNG","Sus scrofa (pig)","Taxonomic Sibling","Porcine respiratory and reproductive syndrome virus SD02-11"
"89","Linear peptide","ANASNDSSSHLQLIYNLTLCELNGTDWLAN","Sus scrofa (pig)","Taxonomic Sibling","Porcine respiratory and reproductive syndrome virus SD02-11"
"90","Linear peptide","NDSSSHLQLIYNLTLCELNGTDW","Sus scrofa (pig)","Taxonomic Sibling","Lelystad virus (PRRSV strain Lelystad)"
"91","Linear peptide","NDSSSHLQLIYNLTLCELNGTDW","Sus scrofa (pig)","Taxonomic Sibling","Porcine respiratory and reproductive syndrome virus SD02-11"
"92","Linear peptide","EMEPPFGDSYIVVGRGDKQINHHWHKA","Sus scrofa Yorkshire","Epitope","EMEPPFGDSYIVVGRGDKQINHHWHKA"
"93","Linear peptide","EMEPPFGDSYIVVGRGDKQINHHWHKA","Sus scrofa Yorkshire","Source Organism","Japanese encephalitis virus strain SA-14 (Japanese encephalitis virus (STRAIN SA-14))"
"94","Linear peptide","GYYYPSDPNTFFYAPPYSA","Sus scrofa (pig)","Epitope","GYYYPSDPNTFFYAPPYSA"
"95","Linear peptide","VDMMRFNINDFLPPG","Sus scrofa (pig)","Source Organism","Porcine circovirus 2 (Porcine circovirus Type II)"
"96","Linear peptide","QGDRGVGSSAVILDD","Sus scrofa (pig)","Source Organism","Porcine circovirus 2 (Porcine circovirus Type II)"
"97","Linear peptide","GVGSSAVILDDNFVT","Sus scrofa (pig)","Source Organism","Porcine circovirus 2 (Porcine circovirus Type II)"
"98","Linear peptide","FTIDYFQPNNKRNQL","Sus scrofa (pig)","Source Organism","Porcine circovirus 2 (Porcine circovirus Type II)"
"99","Linear peptide","VDHVGLGTAFENSIY","Sus scrofa (pig)","Source Organism","Porcine circovirus 2 (Porcine circovirus Type II)"
"100","Linear peptide","NVNELRFNIGQFLPP","Sus scrofa (pig)","Taxonomic Sibling","Porcine circovirus 2 (Porcine circovirus Type II)"
"101","Linear peptide","TSNQRGVGSTVVILD","Sus scrofa (pig)","Taxonomic Sibling","Porcine circovirus 2 (Porcine circovirus Type II)"
"102","Linear peptide","NVEHTGLGYALQNAT","Sus scrofa (pig)","Taxonomic Sibling","Porcine circovirus 2 (Porcine circovirus Type II)"
"103","Linear peptide","RGVGSTVVILDANFV","Sus scrofa (pig)","Taxonomic Sibling","Porcine circovirus 2 (Porcine circovirus Type II)"
"104","Linear peptide","DQTIDWFQPNNKRNQ","Sus scrofa (pig)","Taxonomic Sibling","Porcine circovirus 2 (Porcine circovirus Type II)"
"105","Linear peptide","GVGSSAVILDDNFVT","Sus scrofa (pig)","Source Organism","Porcine circovirus 2 (Porcine circovirus Type II)"
"106","Linear peptide","GVGSSAVILDDNFVT","Sus scrofa (pig)","Source Organism","Porcine circovirus 2 (Porcine circovirus Type II)"
"107","Linear peptide","ASGASAVGFRERSPTEQKTCDDVNTEPVVPGREQPRAE","Sus scrofa (pig)","Source Organism","Foot-and-mouth disease virus - type O (strain HKN/14/82)"
"108","Linear peptide","RAEGPYAGPLERQKPLKVRARLPQQEGPYAGPMERQKPLKVKAKAPVVKE","Sus scrofa (pig)","Source Organism","Foot-and-mouth disease virus - type O (strain HKN/14/82)"
"109","Linear peptide","GYYYPSDPNTFYAPPYS","Sus scrofa (pig)","Taxonomic Sibling","Taenia solium (pig tapeworm)"
"110","Linear peptide","PPPYAPNPGPPPPYTGA","Sus scrofa (pig)","Taxonomic Sibling","Taenia solium (pig tapeworm)"
"111","Linear peptide","NTFYCCELCCNPACAGCY","Sus scrofa (pig)","Epitope","NTFYCCELCCNPACAGCY"
"112","Linear peptide","YTASARGDLAHLTTTHARHLP","Sus scrofa Landrace X Large White","Source Organism","Foot-and-mouth disease virus C-S8c1"
"113","Linear peptide","TTTYTASARGDLAHLTTTHARHLP","Sus scrofa Landrace X Large White","Source Organism","Foot-and-mouth disease virus C-S8c1"
"114","Linear peptide","ASARGDLAHLTTTHARHLP","Sus scrofa Landrace X Large White","Source Organism","Foot-and-mouth disease virus C-S8c1"
"115","Linear peptide","YTASARGDLAHLTTT","Sus scrofa Landrace X Large White","Source Organism","Foot-and-mouth disease virus C-S8c1"
"116","Linear peptide","ALPAREIQQAKKHED","Sus scrofa Landrace X Large White","Taxonomic Child","Porcine respiratory and reproductive syndrome virus strain IA-97-7895"
"117","Linear peptide","KKHEDAGADKAVHLR","Sus scrofa Landrace X Large White","Taxonomic Child","Porcine respiratory and reproductive syndrome virus strain IA-97-7895"
"118","Linear peptide","ECVQGCCEHKSGLGP","Sus scrofa Landrace X Large White","Taxonomic Child","Porcine respiratory and reproductive syndrome virus strain IA-97-7895"
"119","Linear peptide","PDGREDLTVGGPLDL","Sus scrofa Landrace X Large White","Taxonomic Child","Porcine respiratory and reproductive syndrome virus strain IA-97-7895"
"120","Linear peptide","PMTPLSEPALMPALQ","Sus scrofa Landrace X Large White","Taxonomic Child","Porcine respiratory and reproductive syndrome virus strain IA-97-7895"
"121","Linear peptide","VTPLSEPIFVSAPRH","Sus scrofa Landrace X Large White","Taxonomic Child","Porcine respiratory and reproductive syndrome virus strain IA-97-7895"
"122","Linear peptide","ASSQTEYEASPLTPL","Sus scrofa Landrace X Large White","Taxonomic Child","Porcine respiratory and reproductive syndrome virus strain IA-97-7895"
"123","Linear peptide","PLTPLQNMGILEVGG","Sus scrofa Landrace X Large White","Taxonomic Child","Porcine respiratory and reproductive syndrome virus strain IA-97-7895"
"124","Linear peptide","VPRILGKIENAGEMP","Sus scrofa Landrace X Large White","Taxonomic Child","Porcine respiratory and reproductive syndrome virus strain IA-97-7895"
"125","Linear peptide","TDLPPSDGLDADEWG","Sus scrofa Landrace X Large White","Taxonomic Child","Porcine respiratory and reproductive syndrome virus strain IA-97-7895"
"126","Linear peptide","ADEWGPLRTVRKKAE","Sus scrofa Landrace X Large White","Taxonomic Child","Porcine respiratory and reproductive syndrome virus strain IA-97-7895"
"127","Linear peptide","LPSLAGWWSSASDWF","Sus scrofa Landrace X Large White","Taxonomic Child","Porcine respiratory and reproductive syndrome virus strain IA-97-7895"
"128","Linear peptide","LCQVVEECCCHQNKT","Sus scrofa Landrace X Large White","Taxonomic Child","Porcine respiratory and reproductive syndrome virus strain IA-97-7895"
"129","Linear peptide","PPPPPRVQPRKTKSV","Sus scrofa Landrace X Large White","Taxonomic Child","Porcine respiratory and reproductive syndrome virus strain IA-97-7895"
"130","Linear peptide","SAPRHKFQQVEEANL","Sus scrofa Landrace X Large White","Taxonomic Child","Porcine respiratory and reproductive syndrome virus strain IA-97-7895"
"131","Linear peptide","KTKSVKSLPGNKPVP","Sus scrofa Landrace X Large White","Taxonomic Child","Porcine respiratory and reproductive syndrome virus strain IA-97-7895"
"132","Linear peptide","QPVKDSWMSSRGFDE","Sus scrofa Landrace X Large White","Taxonomic Child","Porcine respiratory and reproductive syndrome virus strain IA-97-7895"
"133","Linear peptide","SAGTGGADLPTDLPP","Sus scrofa Landrace X Large White","Taxonomic Child","Porcine respiratory and reproductive syndrome virus strain IA-97-7895"
"134","Linear peptide","VLSEISDTLNDINPA","Sus scrofa Landrace X Large White","Taxonomic Child","Porcine respiratory and reproductive syndrome virus strain IA-97-7895"
"135","Linear peptide","KAGQAAWKQVVSEAT","Sus scrofa Landrace X Large White","Taxonomic Child","Porcine respiratory and reproductive syndrome virus strain IA-97-7895"
"136","Linear peptide","MLGRCLTAGCCSRLL","Sus scrofa Landrace X Large White","Taxonomic Child","Porcine respiratory and reproductive syndrome virus strain IA-97-7895"
"137","Linear peptide","ANSNSSSHLQLIYNL","Sus scrofa Landrace X Large White","Taxonomic Child","Porcine respiratory and reproductive syndrome virus strain IA-97-7895"
"138","Linear peptide","PGKKIKNKNPEKPHF","Sus scrofa Landrace X Large White","Taxonomic Child","Porcine respiratory and reproductive syndrome virus strain IA-97-7895"
"139","Linear peptide","SCLRHGDSSSQTIRK","Sus scrofa Landrace X Large White","Taxonomic Child","Porcine respiratory and reproductive syndrome virus strain IA-97-7895"
"140","Linear peptide","QAAAEVYEPGRSLWC","Sus scrofa Landrace X Large White","Taxonomic Child","Porcine respiratory and reproductive syndrome virus strain IA-97-7895"
"141","Linear peptide","RSLWCRIGHDRCSED","Sus scrofa Landrace X Large White","Taxonomic Child","Porcine respiratory and reproductive syndrome virus strain IA-97-7895"
"142","Linear peptide","RCSEDDHDDLGFMVP","Sus scrofa Landrace X Large White","Taxonomic Child","Porcine respiratory and reproductive syndrome virus strain IA-97-7895"
"143","Linear peptide","KKRGNGQPVNQLCQM","Sus scrofa Landrace X Large White","Taxonomic Child","Porcine respiratory and reproductive syndrome virus strain IA-97-7895"
"144","Linear peptide","GFMVPPGLSSEGHLT","Sus scrofa Landrace X Large White","Taxonomic Child","Porcine respiratory and reproductive syndrome virus strain IA-97-7895"
"145","Linear peptide","LKSLVLGGRKAVKQG","Sus scrofa Landrace X Large White","Taxonomic Child","Porcine respiratory and reproductive syndrome virus strain IA-97-7895"
"146","Linear peptide","NASNDSSSHLQLIYNLTLCELNGTDWLANKFDWA","Sus scrofa Landrace X Large White","Source Organism","PRRSV VR2332 (PRRSV VR-2332)"
"147","Linear peptide","QPNNKRNQLWLRLQTAGN","Sus scrofa (pig)","Taxonomic Child","Porcine circovirus 2 (Porcine circovirus Type II)"
"148","Linear peptide","ASARGDLAHLTTTHARHLP","Sus scrofa Landrace X Large White","Source Organism","Foot-and-mouth disease virus C-S8c1"
"149","Linear peptide","ASARGDLAHLTTTHARHLP","Sus scrofa Landrace X Large White","Epitope","ASARGDLAHLTTTHARHLP"
"150","Linear peptide","GPPGEVMGRAIARVADTIGS","Sus scrofa (pig)","Source Organism","Swine vesicular disease virus (STRAIN UKG/27/72)"
"151","Linear peptide","GPPGEVMGRAIARVADTIGS","Sus scrofa (pig)","Taxonomic Parent","Swine vesicular disease virus"
"152","Linear peptide","GPPGEVMGRAIARVADTIGS","Sus scrofa (pig)","Taxonomic Sibling","Swine vesicular disease virus SPA/1/93"
"153","Linear peptide","GPPGGVTEGIIARVADTVGS","Sus scrofa (pig)","Source Organism","Swine vesicular disease virus"
"154","Linear peptide","GPPGGVTEGIIARVADTVGS","Sus scrofa (pig)","Taxonomic Parent","Swine vesicular disease virus"
"155","Linear peptide","GPPGGVTEGIIARVADTVGS","Sus scrofa (pig)","Taxonomic Sibling","Swine vesicular disease virus SPA/1/93"
"156","Linear peptide","TMYVQFREFNLKDPPLNP","Sus scrofa (pig)","Taxonomic Child","Porcine circovirus 2 (Porcine circovirus Type II)"
"157","Linear peptide","HVGLGTAFENSIYDQEYN","Sus scrofa (pig)","Taxonomic Child","Porcine circovirus 2 (Porcine circovirus Type II)"
"158","Linear peptide","SSRHTITQPFSYHSRYFT","Sus scrofa (pig)","Taxonomic Child","Porcine circovirus 2 (Porcine circovirus Type II)"
"159","Linear peptide","VEQHNPINAGTELSAT","Sus scrofa (pig)","Epitope","VEQHNPINAGTELSAT"
"160","Linear peptide","VEQHNPINAGTELSAT","Sus scrofa (pig)","Epitope","VEQHNPINAGTELSAT"
"161","Linear peptide","TEATAIRPAQVGYNT","Sus scrofa (pig)","Taxonomic Child","Porcine parvovirus (strain 893)"
"162","Linear peptide","DEPNGAIRFTMGYQH","Sus scrofa (pig)","Taxonomic Child","Porcine parvovirus (strain 893)"
"163","Linear peptide","GKVEVEGHLIDLKRVVL","Sus scrofa (pig)","Taxonomic Child","Porcine respiratory and reproductive syndrome virus CH-1a"
"164","Linear peptide","GKVEVEGHLIDLKRVVL","Sus scrofa (pig)","Taxonomic Child","Porcine respiratory and reproductive syndrome virus BJ-4"
"165","Linear peptide","PQEETLQAFDSHYDYT","Sus scrofa (pig)","Fragment of Source Antigen","SNLPNISRIYVSIDVTLQQLESHSFYNLSKVTHIEIRNTRNLTYIDPDALKELPLLKFLGIFNTGLKMFPDLTKVYSTDIFFILEITDNPYMTSIPVNAFQGLCNETLTLKLYNNGFTSVQGYAFNGTKLDAVYLNKNKYLTVIDKDAFGGVYSGPSLLDVSQTSVTALPSKGLEHLKELIARNTWTLKKLPLSLSFLHLTRADLSYPSHCCAFKNQKKIRGILESLMCNESSMQSLRQRKSVNALNSPLHQEYEENLGDSIVGYKEKSKFQDTHNNAHYYVFFEEQEDEIIGFGQELKNPQEETLQAFDSHYDYTI"
"166","Linear peptide","TQNKVFDFIVIFEKI","Sus scrofa (pig)","Taxonomic Parent","Mesomycoplasma hyopneumoniae"
"167","Linear peptide","KVFDFIVIFEKIIRE","Sus scrofa (pig)","Taxonomic Parent","Mesomycoplasma hyopneumoniae"
"168","Linear peptide","DFIVIFEKIIREFVP","Sus scrofa (pig)","Taxonomic Parent","Mesomycoplasma hyopneumoniae"
"169","Linear peptide","EFEDKFLKGELLEKV","Sus scrofa (pig)","Taxonomic Parent","Mesomycoplasma hyopneumoniae"
"170","Linear peptide","DKFLKGELLEKVLEK","Sus scrofa (pig)","Taxonomic Parent","Mesomycoplasma hyopneumoniae"
"171","Linear peptide","LKGELLEKVLEKNNI","Sus scrofa (pig)","Taxonomic Parent","Mesomycoplasma hyopneumoniae"
"172","Linear peptide","YYLVSLGPDLIKDSQ","Sus scrofa (pig)","Taxonomic Parent","Mesomycoplasma hyopneumoniae"
"173","Linear peptide","VSLGPDLIKDSQIYK","Sus scrofa (pig)","Taxonomic Parent","Mesomycoplasma hyopneumoniae"
"174","Linear peptide","GPDLIKDSQIYKDGI","Sus scrofa (pig)","Taxonomic Parent","Mesomycoplasma hyopneumoniae"
"175","Linear peptide","QKENSQKNDVVNSQN","Sus scrofa (pig)","Taxonomic Parent","Mesomycoplasma hyopneumoniae"
"176","Linear peptide","NSQKNDVVNSQNKTE","Sus scrofa (pig)","Taxonomic Parent","Mesomycoplasma hyopneumoniae"
"177","Linear peptide","KNDVVNSQNKTEKTE","Sus scrofa (pig)","Taxonomic Parent","Mesomycoplasma hyopneumoniae"
"178","Linear peptide","VLSLKDNKKITSSKK","Sus scrofa (pig)","Taxonomic Parent","Mesomycoplasma hyopneumoniae"
"179","Linear peptide","LKDNKKITSSKKIRL","Sus scrofa (pig)","Taxonomic Parent","Mesomycoplasma hyopneumoniae"
"180","Linear peptide","NKKITSSKKIRLLYT","Sus scrofa (pig)","Taxonomic Parent","Mesomycoplasma hyopneumoniae"
"181","Linear peptide","AGENLNTSKFKKNEF","Sus scrofa (pig)","Taxonomic Parent","Mesomycoplasma hyopneumoniae"
"182","Linear peptide","NLNTSKFKKNEFIKK","Sus scrofa (pig)","Taxonomic Parent","Mesomycoplasma hyopneumoniae"
"183","Linear peptide","TSKFKKNEFIKKIID","Sus scrofa (pig)","Taxonomic Parent","Mesomycoplasma hyopneumoniae"
"184","Linear peptide","VIDSKKTKLPNTLIP","Sus scrofa (pig)","Taxonomic Parent","Mesomycoplasma hyopneumoniae"
"185","Linear peptide","SKKTKLPNTLIPYSS","Sus scrofa (pig)","Taxonomic Parent","Mesomycoplasma hyopneumoniae"
"186","Linear peptide","TKLPNTLIPYSSVEV","Sus scrofa (pig)","Taxonomic Parent","Mesomycoplasma hyopneumoniae"
"187","Linear peptide","KNDVVNSQNKTEKTE","Sus scrofa (pig)","Taxonomic Parent","Mesomycoplasma hyopneumoniae"
"188","Linear peptide","KKDVVNSQNKTEKTE","Sus scrofa (pig)","Taxonomic Parent","Mesomycoplasma hyopneumoniae"
"189","Linear peptide","KKDVVNSQNKTDKTE","Sus scrofa (pig)","Taxonomic Parent","Mesomycoplasma hyopneumoniae"
"190","Linear peptide","KNDVVNSQDKTEKTE","Sus scrofa (pig)","Taxonomic Parent","Mesomycoplasma hyopneumoniae"
"191","Linear peptide","VSNVRGDLQVLAQKAERALP","Sus scrofa (pig)","Source Organism","Foot-and-mouth disease virus O (Aphthovirus O)"
"192","Linear peptide","RIRKVKVEFWPCSPI","Sus scrofa (pig)","Source Organism","Porcine circovirus 2 (Porcine circovirus Type II)"
"193","Linear peptide","KVEFWPCSPITQGDR","Sus scrofa (pig)","Source Organism","Porcine circovirus 2 (Porcine circovirus Type II)"
"194","Linear peptide","PCSPITQGDRGVGSS","Sus scrofa (pig)","Source Organism","Porcine circovirus 2 (Porcine circovirus Type II)"
"195","Linear peptide","TQGDRGVGSSAVILN","Sus scrofa (pig)","Source Organism","Porcine circovirus 2 (Porcine circovirus Type II)"
"196","Linear peptide","GVGSSAVILNDNFVT","Sus scrofa (pig)","Source Organism","Porcine circovirus 2 (Porcine circovirus Type II)"
"197","Linear peptide","AVILNDNFVTKATAL","Sus scrofa (pig)","Source Organism","Porcine circovirus 2 (Porcine circovirus Type II)"
"198","Linear peptide","DNFVTKATALTYDPY","Sus scrofa (pig)","Source Organism","Porcine circovirus 2 (Porcine circovirus Type II)"
"199","Linear peptide","KATALTYDPYVNYSS","Sus scrofa (pig)","Source Organism","Porcine circovirus 2 (Porcine circovirus Type II)"
"200","Linear peptide","LLDTKGGLYRWRSPV","Sus scrofa (pig)","Source Organism","Porcine reproductive and respiratory syndrome virus"
"201","Linear peptide","VIIEKRGKVEVEGHLID","Sus scrofa (pig)","Source Organism","Porcine reproductive and respiratory syndrome virus"
"202","Linear peptide","SHLQLIYNLTLCELNGTDW","Sus scrofa (pig)","Source Organism","Porcine reproductive and respiratory syndrome virus"
"203","Linear peptide","YDSCSRLLQIIDFYTDIVQKKYGGGEDCECTRV","Sus scrofa (pig)","Epitope","YDSCSRLLQIIDFYTDIVQKKYGGGEDCECTRV"
"204","Linear peptide","PKGQTRTLGSNRERERI","Sus scrofa (pig)","Epitope","PKGQTRTLGSNRERERI"
"205","Linear peptide","MSRIFRGDNALNMGRPKFLSDQIFNKV","Sus scrofa (pig)","Epitope","MSRIFRGDNALNMGRPKFLSDQIFNKV"
"206","Linear peptide","RCAWEETKNIINDFLEIPEERCT","Sus scrofa (pig)","Epitope","RCAWEETKNIINDFLEIPEERCT"
"207","Linear peptide","FRKRKNSTSLQSHIPSDEQL","Sus scrofa (pig)","Epitope","FRKRKNSTSLQSHIPSDEQL"
"208","Linear peptide","LKEEEKEVVRLMVIKLLKKNKL","Sus scrofa (pig)","Epitope","LKEEEKEVVRLMVIKLLKKNKL"
"209","Linear peptide","SRKKKAAAAIEEEDI","Sus scrofa (pig)","Epitope","SRKKKAAAAIEEEDI"
"210","Linear peptide","YCEYPGERLYENVRFDVNGNSLDEYSSDVTTL","Sus scrofa (pig)","Epitope","YCEYPGERLYENVRFDVNGNSLDEYSSDVTTL"
"211","Linear peptide","LCNIHDLHKPHQSKPILTDENDTQRTCS","Sus scrofa (pig)","Epitope","LCNIHDLHKPHQSKPILTDENDTQRTCS"
"212","Linear peptide","QKDLVNEFPGLFIRQSRFIPGRPSRRNIRFKP","Sus scrofa (pig)","Epitope","QKDLVNEFPGLFIRQSRFIPGRPSRRNIRFKP"
"213","Linear peptide","ACSSISDISPVTYPITLPIIKNISVTAHGINLIDK","Sus scrofa (pig)","Epitope","ACSSISDISPVTYPITLPIIKNISVTAHGINLIDK"
"214","Linear peptide","IKKQIPRCKDAFNKIES","Sus scrofa (pig)","Epitope","IKKQIPRCKDAFNKIES"
"215","Linear peptide","ANASNDSSSHLQLIYNLTLCELNGTD","Sus scrofa (pig)","Source Organism","PRRSV VR2332 (PRRSV VR-2332)"
"216","Linear peptide","ANASNDSSSHLQLIYNLTLCELNG","Sus scrofa (pig)","Source Organism","PRRSV VR2332 (PRRSV VR-2332)"
"217","Linear peptide","FADGNGDSSTYQYIYNLTICELNG","Sus scrofa (pig)","Taxonomic Sibling","PRRSV VR2332 (PRRSV VR-2332)"
"218","Linear peptide","ANASNDSSSHLQLIYNLTLCELNGTD","Sus scrofa (pig)","Source Organism","PRRSV VR2332 (PRRSV VR-2332)"
"219","Linear peptide","KEDFRYAISSTNEIGLLGA","Sus scrofa Landrace X Large White","Epitope","KEDFRYAISSTNEIGLLGA"
"220","Linear peptide","AEGLTTTWKDYDHNLQ","Sus scrofa Landrace X Large White","Epitope","AEGLTTTWKDYDHNLQ"
"221","Linear peptide","KHKVRNEVMVHWFGD","Sus scrofa Landrace X Large White","Epitope","KHKVRNEVMVHWFGD"
"222","Linear peptide","KEDFRYAISSTNEIGLLGA","Sus scrofa Landrace X Large White","Epitope","KEDFRYAISSTNEIGLLGA"
"223","Linear peptide","AEGLTTTWKDYDHNLQ","Sus scrofa Landrace X Large White","Epitope","AEGLTTTWKDYDHNLQ"
"224","Linear peptide","RYLASLHKKALPTSV","Sus scrofa (pig)","Taxonomic Child","Classical swine fever virus 96TD"
"225","Linear peptide","RYLASLHKKALPTSV","Sus scrofa (pig)","Taxonomic Child","Classical swine fever virus 0406/CH/01/TWN"
"226","Linear peptide","RYSRNAVPNLRGDLQVLAQKVART","Sus scrofa (pig)","Structurally Related","VYNGNCKYGENAVTNVRGDLQVLAQKAARCLPTSFNYGAIK"
"227","Linear peptide","LDLERDARVRAERNANEMSI","Sus scrofa (pig)","Source Organism","Taenia solium (pig tapeworm)"
"228","Linear peptide","LDELSGTSSQTHDAIRRKDME","Sus scrofa (pig)","Source Organism","Taenia solium (pig tapeworm)"
"229","Linear peptide","AAIEFFEGMVHDSIK","Sus scrofa Landrace X Large White","Epitope","AAIEFFEGMVHDSIK"
"230","Linear peptide","NSENGTCYPGDFIDYEELREQLSSVSSFEKFEIF","Sus scrofa (pig)","Epitope","NSENGTCYPGDFIDYEELREQLSSVSSFEKFEIF"
"231","Linear peptide","EELKHLLSRINHFEKIQIIPKNSWSDHEASGVSS","Sus scrofa (pig)","Epitope","EELKHLLSRINHFEKIQIIPKNSWSDHEASGVSS"
"232","Linear peptide","LCDLDGVHPLILRDCSVAGWLLGNPMCDEFINVPE","Sus scrofa (pig)","Epitope","LCDLDGVHPLILRDCSVAGWLLGNPMCDEFINVPE"
"233","Linear peptide","LCNLDGVKPLILRDCSVAGWLLGNPMCDEFINVPE","Sus scrofa (pig)","Epitope","LCNLDGVKPLILRDCSVAGWLLGNPMCDEFINVPE"
"234","Linear peptide","KEDFRYAISSTNEIGLLGA","Sus scrofa Landrace X Large White","Epitope","KEDFRYAISSTNEIGLLGA"
"235","Linear peptide","KEDFRYAISSTNEIGLLGA","Sus scrofa Landrace X Large White","Epitope","KEDFRYAISSTNEIGLLGA"
"236","Linear peptide","KEDFRYAISSTNEIGLLGA","Sus scrofa Landrace X Large White","Epitope","KEDFRYAISSTNEIGLLGA"
"237","Linear peptide","KEDFRYAISSTNEIGLLGA","Sus scrofa Landrace X Large White","Epitope","KEDFRYAISSTNEIGLLGA"
"238","Linear peptide","KEDFRYAISSTNEIGLLGA","Sus scrofa Landrace X Large White","Epitope","KEDFRYAISSTNEIGLLGA"
"239","Linear peptide","LVRYFGCVVYLYPLKD","Sus scrofa (pig)","Taxonomic Parent","Torque teno sus virus"
"240","Linear peptide","RVPPQGDSELPKKKEFSTGT","Sus scrofa (pig)","Taxonomic Parent","Torque teno sus virus"
"241","Linear peptide","RKADQENPKVSTWPIEGTWNTQDT","Sus scrofa (pig)","Taxonomic Parent","Torque teno sus virus"
"242","Linear peptide","GEYQPPTGIRDPCVDTPAYP","Sus scrofa (pig)","Taxonomic Parent","Torque teno sus virus"
"243","Linear peptide","VPQSGSITHPKFAGK","Sus scrofa (pig)","Taxonomic Parent","Torque teno sus virus"
"244","Linear peptide","DSEAKGEETEETASSSSITS","Sus scrofa (pig)","Taxonomic Parent","Torque teno sus virus"
"245","Linear peptide","AESSTEGDGSSDDEETIR","Sus scrofa (pig)","Taxonomic Parent","Torque teno sus virus"
"246","Linear peptide","DIPCRPLPYQNLHPLLMLLKKQHKIVLSQQ","Sus scrofa (pig)","Taxonomic Parent","Torque teno sus virus"
"247","Linear peptide","VTDNPGNMATTFKASGGQHPDAI","Sus scrofa (pig)","Taxonomic Parent","Torque teno sus virus"
"248","Linear peptide","KSEQDIKKEAHSAEISREYTRDPKSK","Sus scrofa (pig)","Taxonomic Parent","Torque teno sus virus"
"249","Linear peptide","SSNYTTTGSDQNSGGSTSAIQ","Sus scrofa (pig)","Taxonomic Parent","Torque teno sus virus"
"250","Linear peptide","QGGYVAYAGSGVIGAG","Sus scrofa (pig)","Taxonomic Parent","Torque teno sus virus"
"251","Linear peptide","QQGWPSNQNWPNTNRDKTNF","Sus scrofa (pig)","Taxonomic Parent","Torque teno sus virus"
"252","Linear peptide","GGHGTERFKTNIGDPSTIPC","Sus scrofa (pig)","Taxonomic Parent","Torque teno sus virus"
"253","Linear peptide","PFEPGDRFHSGIQDPSKVQNT","Sus scrofa (pig)","Taxonomic Parent","Torque teno sus virus"
"254","Linear peptide","GQKTEKEPLSDSDEESVISS","Sus scrofa (pig)","Taxonomic Parent","Torque teno sus virus"
"255","Linear peptide","TSSGSSQEEETQRRRHHKPS","Sus scrofa (pig)","Taxonomic Parent","Torque teno sus virus"
"256","Linear peptide","IHTPAFNVNVRTGGGIHTPAFNVNVRTGGGIHTPAFNVNVRTGKKK","Sus scrofa Yorkshire","Other","Classical swine fever virus - Brescia (Hog cholera virus (strain Brescia))"
"257","Linear peptide","QQSFMEKWLEYEGGGQQSFMEKWLEYEGGGQQSFMEKWLEYEGKKK","Sus scrofa Yorkshire","Other","Classical swine fever virus - Brescia (Hog cholera virus (strain Brescia))"
"258","Linear peptide","VHNMQKDMVLLQGGGVHNMQKDMVLLQGGGVHNMQKDMVLLQGKKK","Sus scrofa Yorkshire","Other","Classical swine fever virus - Brescia (Hog cholera virus (strain Brescia))"
"259","Linear peptide","IHTPAFNVNVRTGGGIHTPAFNVNVRTGGGIHTPAFNVNVRTGKKK","Sus scrofa Yorkshire","Other","Classical swine fever virus isolates Haiti"
"260","Linear peptide","IHTPAFNVNVRTGGGIHTPAFNVNVRTGGGIHTPAFNVNVRTGKKK","Sus scrofa Yorkshire","Other","Classical swine fever virus isolates Bavaro"
"261","Linear peptide","IHTPAFNVNVRTGGGIHTPAFNVNVRTGGGIHTPAFNVNVRTGKKK","Sus scrofa Yorkshire","Other","Classical swine fever virus isolates Nicaragua"
"262","Linear peptide","IHTPAFNVNVRTGGGIHTPAFNVNVRTGGGIHTPAFNVNVRTGKKK","Sus scrofa Yorkshire","Other","Pestivirus sp. strain 5250"
"263","Linear peptide","IHTPAFNVNVRTGGGIHTPAFNVNVRTGGGIHTPAFNVNVRTGKKK","Sus scrofa Yorkshire","Other","Border disease virus strain Frijters"
"264","Linear peptide","MHTNYCRTCFLSGGGMHTNYCRTCFLSGGGMHTNYCRTCFLSGKKK","Sus scrofa Yorkshire","Other","Classical swine fever virus isolates Haiti"
"265","Linear peptide","MHTNYCRTCFLSGGGMHTNYCRTCFLSGGGMHTNYCRTCFLSGKKK","Sus scrofa Yorkshire","Other","Classical swine fever virus isolates Bavaro"
"266","Linear peptide","MHTNYCRTCFLSGGGMHTNYCRTCFLSGGGMHTNYCRTCFLSGKKK","Sus scrofa Yorkshire","Other","Classical swine fever virus isolates Nicaragua"
"267","Linear peptide","MHTNYCRTCFLSGGGMHTNYCRTCFLSGGGMHTNYCRTCFLSGKKK","Sus scrofa Yorkshire","Other","Pestivirus sp. strain 5250"
"268","Linear peptide","MHTNYCRTCFLSGGGMHTNYCRTCFLSGGGMHTNYCRTCFLSGKKK","Sus scrofa Yorkshire","Other","Border disease virus strain Frijters"
"269","Linear peptide","QQSFMEKWLEYEGGGQQSFMEKWLEYEGGGQQSFMEKWLEYEGKKK","Sus scrofa Yorkshire","Other","Classical swine fever virus isolates Haiti"
"270","Linear peptide","QQSFMEKWLEYEGGGQQSFMEKWLEYEGGGQQSFMEKWLEYEGKKK","Sus scrofa Yorkshire","Other","Classical swine fever virus isolates Bavaro"
"271","Linear peptide","QQSFMEKWLEYEGGGQQSFMEKWLEYEGGGQQSFMEKWLEYEGKKK","Sus scrofa Yorkshire","Other","Classical swine fever virus isolates Nicaragua"
"272","Linear peptide","HPTDYSLSYMYPGGGHPTDYSLSYMYPGGGHPTDYSLSYMYPGKKK","Sus scrofa Yorkshire","Other","Pestivirus sp. strain 5250"
"273","Linear peptide","HPTDYSLSYMYPGGGHPTDYSLSYMYPGGGHPTDYSLSYMYPGKKK","Sus scrofa Yorkshire","Other","Border disease virus strain Frijters"
"274","Linear peptide","IESEGGLIETWNPNNK","Sus scrofa (pig)","Derivative of Source Organism","Seed from Glycine max (soybeans)"
"275","Linear peptide","GLIETWNPNNKPFQCA","Sus scrofa (pig)","Derivative of Source Organism","Seed from Glycine max (soybeans)"
"276","Linear peptide","ILSGFTLEFLEHAFSV","Sus scrofa (pig)","Derivative of Source Organism","Seed from Glycine max (soybeans)"
"277","Linear peptide","EDKGAIVTVKGGLSVI","Sus scrofa (pig)","Derivative of Source Organism","Seed from Glycine max (soybeans)"
"278","Linear peptide","NSQHPELKCAGVTVSK","Sus scrofa (pig)","Derivative of Source Organism","Seed from Glycine max (soybeans)"
"279","Linear peptide","GVPYWTYNTGDEPVVA","Sus scrofa (pig)","Derivative of Source Organism","Seed from Glycine max (soybeans)"
"280","Linear peptide","IVTVEGGLSVISPKWQ","Sus scrofa (pig)","Derivative of Source Organism","Seed from Glycine max (soybeans)"
"281","Linear peptide","DEQIPSHPPRRPSHGK","Sus scrofa (pig)","Derivative of Source Organism","Seed from Glycine max (soybeans)"
"282","Linear peptide","ARPSRADFYNPKAGRI","Sus scrofa (pig)","Derivative of Source Organism","Seed from Glycine max (soybeans)"
"283","Linear peptide","ADFYNPKAGRISTLNS","Sus scrofa (pig)","Derivative of Source Organism","Seed from Glycine max (soybeans)"
"284","Linear peptide","SLTLPALRQFQLSAQY","Sus scrofa (pig)","Derivative of Source Organism","Seed from Glycine max (soybeans)"
"285","Linear peptide","SGYAADLKSTQNAIDEITNKVNSVIEKMNTQFTAVGKEFNHLEKRI","Sus scrofa (pig)","Taxonomic Sibling","Influenza A virus (A/swine/Minnesota/02011/2008(H1N2)) (Influenza A virus (A/swine/Minnesota/02011/2008(H1N1)))"
"286","Linear peptide","SGYAADLKSTQNAIDEITNKVNSVIEKMNTQFTAVGKEFNHLEKRI","Sus scrofa (pig)","Source Organism","Influenza A virus (A/California/04/2009(H1N1))"
"287","Linear peptide","MVRVSAIVGAAASVFVCLSA","Sus scrofa (pig)","Source Organism","Toxoplasma gondii Gansu Jingtai"
"288","Linear peptide","AASVFVCLSAGAYAAEGGDN","Sus scrofa (pig)","Source Organism","Toxoplasma gondii Gansu Jingtai"
"289","Linear peptide","GAYAAEGGDNQSSAVSDRAS","Sus scrofa (pig)","Source Organism","Toxoplasma gondii Gansu Jingtai"
"290","Linear peptide","QSSAVSDRASLLGLLSGGTG","Sus scrofa (pig)","Source Organism","Toxoplasma gondii Gansu Jingtai"
"291","Linear peptide","QGLGIGESVELEMMGNTYRV","Sus scrofa (pig)","Source Organism","Toxoplasma gondii Gansu Jingtai"
"292","Linear peptide","LEMMGNTYRVERPTGNPDLL","Sus scrofa (pig)","Source Organism","Toxoplasma gondii Gansu Jingtai"
"293","Linear peptide","IKTSDGSYSEVGNVNME","Sus scrofa (pig)","Source Organism","Toxoplasma gondii Gansu Jingtai"
"294","Linear peptide","YSEVGNVNMEEVIDTMKSMQ","Sus scrofa (pig)","Source Organism","Toxoplasma gondii Gansu Jingtai"
"295","Linear peptide","EVIDTMKSMQRDEEIFFRAL","Sus scrofa (pig)","Source Organism","Toxoplasma gondii Gansu Jingtai"
"296","Linear peptide","NKGETVEEAIEDVAQAEGLN","Sus scrofa (pig)","Source Organism","Toxoplasma gondii Gansu Jingtai"
"297","Linear peptide","EDVAQAEGLNSEQTLQLEDA","Sus scrofa (pig)","Source Organism","Toxoplasma gondii Gansu Jingtai"
"298","Linear peptide","SEQTLQLEDAVSAVASVVQD","Sus scrofa (pig)","Source Organism","Toxoplasma gondii Gansu Jingtai"
"299","Linear peptide","VSAVASVVQDEMNVIDDVQQ","Sus scrofa (pig)","Source Organism","Toxoplasma gondii Gansu Jingtai"
"300","Linear peptide","EMNVIDDVQQLEKDKQQLKD","Sus scrofa (pig)","Source Organism","Toxoplasma gondii Gansu Jingtai"
"301","Linear peptide","LEKDKQQLKDDIGFLTGERE","Sus scrofa (pig)","Source Organism","Toxoplasma gondii Gansu Jingtai"
"302","Linear peptide","VFAAPTLMSFLRCGAMASDPPLVANQVVTC","Sus scrofa (pig)","Source Organism","Toxoplasma gondii"
"303","Linear peptide","PDKKSTAAVILTPTENHFTLKCPKTALTEP","Sus scrofa (pig)","Source Organism","Toxoplasma gondii"
"304","Linear peptide","TTSSCTSKAVTLSSL","Sus scrofa (pig)","Source Organism","Toxoplasma gondii"
"305","Linear peptide","IPEAEDSWWTGDSASLDTAGIKLTVPIEKF","Sus scrofa (pig)","Source Organism","Toxoplasma gondii"
"306","Linear peptide","DAQSCMVTVTVQARA","Sus scrofa (pig)","Source Organism","Toxoplasma gondii"
"307","Linear peptide","SSVVNNVARCSYGANSTLGPVKLSAEGPTT","Sus scrofa (pig)","Source Organism","Toxoplasma gondii"
"308","Linear peptide","MTLVCGKDGVKVPQDNNQYCSGTTLTGCNE","Sus scrofa (pig)","Source Organism","Toxoplasma gondii"
"309","Linear peptide","KSFKDILPKLSENPWQGNASSDNGATLTIN","Sus scrofa (pig)","Source Organism","Toxoplasma gondii"
"310","Linear peptide","GTASHVSIFAMVTGLIGSIA","Sus scrofa (pig)","Source Organism","Toxoplasma gondii"
"311","Linear peptide","TLFENQNGRIRLLQRF","Sus scrofa Camborough 22","Derivative of Source Organism","Seed from Glycine max (soybeans)"
"312","Linear peptide","QNGRIRLLQRFNKRSP","Sus scrofa Camborough 22","Derivative of Source Organism","Seed from Glycine max (soybeans)"
"313","Linear peptide","RLLQRFNKRSPQLENL","Sus scrofa Camborough 22","Derivative of Source Organism","Seed from Glycine max (soybeans)"
"314","Linear peptide","QGFSHNILETSFHSEF","Sus scrofa Camborough 22","Derivative of Source Organism","Seed from Glycine max (soybeans)"
"315","Linear peptide","YSNNFGKFFEITPEKN","Sus scrofa Camborough 22","Derivative of Source Organism","Seed from Glycine max (soybeans)"
"316","Linear peptide","GKFFEITPEKNPQLRD","Sus scrofa Camborough 22","Derivative of Source Organism","Seed from Glycine max (soybeans)"
"317","Linear peptide","NPQLRDLDIFLSSVDI","Sus scrofa Camborough 22","Derivative of Source Organism","Seed from Glycine max (soybeans)"
"318","Linear peptide","INEGALLLPHFNSKAI","Sus scrofa Camborough 22","Derivative of Source Organism","Seed from Glycine max (soybeans)"
"319","Linear peptide","CSENDHDELGFMVPP","Sus scrofa (pig)","Taxonomic Child","Porcine reproductive and respiratory syndrome virus SY0608"
"320","Linear peptide","HDELGFMVPPGLSSE","Sus scrofa (pig)","Taxonomic Child","Porcine reproductive and respiratory syndrome virus SY0608"
"321","Linear peptide","DGSAATPLTRVSAEQ","Sus scrofa (pig)","Source Organism","Porcine reproductive and respiratory syndrome virus SY0608"
"322","Linear peptide","EKGGKVEVEGHLIDL","Sus scrofa (pig)","Source Organism","Porcine reproductive and respiratory syndrome virus SY0608"
"323","Linear peptide","GKVEVEGHLIDLKRV","Sus scrofa (pig)","Source Organism","Porcine reproductive and respiratory syndrome virus SY0608"
"324","Linear peptide","GSAATPLTRVSAEQW","Sus scrofa (pig)","Source Organism","Porcine reproductive and respiratory syndrome virus SY0608"
"325","Linear peptide","IVEKGGKVEVEGHLI","Sus scrofa (pig)","Source Organism","Porcine reproductive and respiratory syndrome virus SY0608"
"326","Linear peptide","KVEVEGHLIDLKRVV","Sus scrofa (pig)","Source Organism","Porcine reproductive and respiratory syndrome virus SY0608"
"327","Linear peptide","LDGSAATPLTRVSAE","Sus scrofa (pig)","Source Organism","Porcine reproductive and respiratory syndrome virus SY0608"
"328","Linear peptide","NGTDWLAQKFDWAVE","Sus scrofa (pig)","Source Organism","Porcine reproductive and respiratory syndrome virus SY0608"
"329","Linear peptide","NSSHIQLIYNLTLCE","Sus scrofa (pig)","Source Organism","Porcine reproductive and respiratory syndrome virus SY0608"
"330","Linear peptide","PVIVEKGGKVEVEGH","Sus scrofa (pig)","Source Organism","Porcine reproductive and respiratory syndrome virus SY0608"
"331","Linear peptide","RSPVIVEKGGKVEVE","Sus scrofa (pig)","Source Organism","Porcine reproductive and respiratory syndrome virus SY0608"
"332","Linear peptide","RWRSPVIVEKGGKVE","Sus scrofa (pig)","Source Organism","Porcine reproductive and respiratory syndrome virus SY0608"
"333","Linear peptide","SPVIVEKGGKVEVEG","Sus scrofa (pig)","Source Organism","Porcine reproductive and respiratory syndrome virus SY0608"
"334","Linear peptide","SYGALTTSHFLDTVG","Sus scrofa (pig)","Source Organism","Porcine reproductive and respiratory syndrome virus SY0608"
"335","Linear peptide","TDWLAQKFDWAVETF","Sus scrofa (pig)","Source Organism","Porcine reproductive and respiratory syndrome virus SY0608"
"336","Linear peptide","TKGRLYRWRSPVIVE","Sus scrofa (pig)","Source Organism","Porcine reproductive and respiratory syndrome virus SY0608"
"337","Linear peptide","VEKGGKVEVEGHLID","Sus scrofa (pig)","Source Organism","Porcine reproductive and respiratory syndrome virus SY0608"
"338","Linear peptide","HSMYGNKTPYPYADGQQGSP","Sus scrofa (pig)","Source Organism","Toxoplasma gondii Gansu Jingtai"
"339","Linear peptide","PYADGQQGSPPPQGQL","Sus scrofa (pig)","Source Organism","Toxoplasma gondii Gansu Jingtai"
"340","Linear peptide","QGVPQAPQAAGGPGSPMNGG","Sus scrofa (pig)","Source Organism","Toxoplasma gondii Gansu Jingtai"
"341","Linear peptide","GTPGHPVQAIPQQPLRTQAT","Sus scrofa (pig)","Source Organism","Toxoplasma gondii Gansu Jingtai"
"342","Linear peptide","IPQQPLRTQATATYYHPAAAPP","Sus scrofa (pig)","Source Organism","Toxoplasma gondii Gansu Jingtai"
"343","Linear peptide","PGAEVTPGYSGLQLRQQSQY","Sus scrofa (pig)","Source Organism","Toxoplasma gondii Gansu Jingtai"
"344","Linear peptide","DYSYPGTTSTPTPPRPASYG","Sus scrofa (pig)","Source Organism","Toxoplasma gondii Gansu Jingtai"
"345","Linear peptide","GLQLRQQSQYDYSYPGTTST","Sus scrofa (pig)","Source Organism","Toxoplasma gondii Gansu Jingtai"
"346","Linear peptide","AFSDSVSVSTEDSGLTVVRD","Sus scrofa (pig)","Source Organism","Toxoplasma gondii Gansu Jingtai"
"347","Linear peptide","EDSGLTVVRDSSSSESTVTP","Sus scrofa (pig)","Source Organism","Toxoplasma gondii Gansu Jingtai"
"348","Linear peptide","TELDDGYRPPPFNPRPSPYA","Sus scrofa (pig)","Source Organism","Toxoplasma gondii Gansu Jingtai"
"349","Linear peptide","GNQHVDDRPSPAPAPKRALGTL","Sus scrofa (pig)","Taxonomic Sibling","Swine hepatitis E virus (Porcine hepatitis E virus)"
"350","Linear peptide","VKEGPYEGPVKKPVA","Sus scrofa (pig)","Taxonomic Sibling","Foot-and-mouth disease virus O (Aphthovirus O)"
"351","Linear peptide","PYTGSRPTSPSSGSR","Sus scrofa (pig)","Source Organism","Trichinella spiralis"
"352","Linear peptide","PYTGSRPTSPSSGSR","Sus scrofa (pig)","Taxonomic Sibling","Trichinella britovi"
"353","Linear peptide","PYTGSRPTSPSSGSR","Sus scrofa (pig)","Source Antigen","newborn larvae-specific serine protease SS2"
"354","Linear peptide","RPTSPSSGSRPTYPS","Sus scrofa (pig)","Source Organism","Trichinella spiralis"
"355","Linear peptide","RPTSPSSGSRPTYPS","Sus scrofa (pig)","Taxonomic Sibling","Trichinella britovi"
"356","Linear peptide","RPTSPSSGSRPTYPS","Sus scrofa (pig)","Source Antigen","newborn larvae-specific serine protease SS2"
"357","Linear peptide","PSSGSRPTYPSSGSR","Sus scrofa (pig)","Source Organism","Trichinella spiralis"
"358","Linear peptide","PSSGSRPTYPSSGSR","Sus scrofa (pig)","Taxonomic Sibling","Trichinella britovi"
"359","Linear peptide","PSSGSRPTYPSSGSR","Sus scrofa (pig)","Source Antigen","newborn larvae-specific serine protease SS2"
"360","Linear peptide","PSSGSRPTSPSSGSR","Sus scrofa (pig)","Source Organism","Trichinella spiralis"
"361","Linear peptide","PSSGSRPTSPSSGSR","Sus scrofa (pig)","Taxonomic Sibling","Trichinella britovi"
"362","Linear peptide","PSSGSRPTSPSSGSR","Sus scrofa (pig)","Source Antigen","newborn larvae-specific serine protease SS2"
"363","Linear peptide","PSSGSRPTYPYTGSR","Sus scrofa (pig)","Source Organism","Trichinella spiralis"
"364","Linear peptide","PSSGSRPTYPYTGSR","Sus scrofa (pig)","Taxonomic Sibling","Trichinella britovi"
"365","Linear peptide","PSSGSRPTYPYTGSR","Sus scrofa (pig)","Source Antigen","newborn larvae-specific serine protease SS2"
"366","Linear peptide","PYTGSRPTPQKPVFP","Sus scrofa (pig)","Source Organism","Trichinella spiralis"
"367","Linear peptide","PYTGSRPTPQKPVFP","Sus scrofa (pig)","Taxonomic Sibling","Trichinella britovi"
"368","Linear peptide","PYTGSRPTPQKPVFP","Sus scrofa (pig)","Source Antigen","newborn larvae-specific serine protease SS2"
"369","Linear peptide","KYPPAVQKYIDSLPS","Sus scrofa (pig)","Source Antigen","newborn larvae-specific serine protease SS2"
"370","Linear peptide","MAHGGIYLRQKRNFCPLTVS","Sus scrofa (pig)","Taxonomic Child","Toxoplasma gondii Gansu Jingtai"
"371","Linear peptide","ADSGGVRQTPSETGSSGGQQ","Sus scrofa (pig)","Taxonomic Child","Toxoplasma gondii Gansu Jingtai"
"372","Linear peptide","SETGSSGGQQEAVGTTEDYV","Sus scrofa (pig)","Taxonomic Child","Toxoplasma gondii Gansu Jingtai"
"373","Linear peptide","EAVGTTEDYVNSSAMGGGQG","Sus scrofa (pig)","Taxonomic Child","Toxoplasma gondii Gansu Jingtai"
"374","Linear peptide","NSSAMGGGQGDSLAEDDTTS","Sus scrofa (pig)","Taxonomic Child","Toxoplasma gondii Gansu Jingtai"
"375","Linear peptide","DSLAEDDTTSDAAEGDVDPF","Sus scrofa (pig)","Taxonomic Child","Toxoplasma gondii Gansu Jingtai"
"376","Linear peptide","RRTGRRSPQEPSGGGGGNDA","Sus scrofa (pig)","Taxonomic Child","Toxoplasma gondii Gansu Jingtai"
"377","Linear peptide","PSGGGGGNDAGNNAGNGGNE","Sus scrofa (pig)","Taxonomic Child","Toxoplasma gondii Gansu Jingtai"
"378","Linear peptide","GNNAGNGGNEGRGEGGEDDR","Sus scrofa (pig)","Taxonomic Child","Toxoplasma gondii Gansu Jingtai"
"379","Linear peptide","GRGEGGEDDRRPLHPGSVNE","Sus scrofa (pig)","Taxonomic Child","Toxoplasma gondii Gansu Jingtai"
"380","Linear peptide","EGEFCSRAISQALCG","Sus scrofa (pig)","Other","Salmonella enterica subsp. enterica serovar Typhimurium str. SL1344 (Salmonella enterica subsp. enterica serovar Typhimurium SL1344)"
"381","Linear peptide","EFCPLEKRISFDVRG","Sus scrofa (pig)","Other","Salmonella enterica subsp. enterica serovar Typhimurium str. SL1344 (Salmonella enterica subsp. enterica serovar Typhimurium SL1344)"
"382","Linear peptide","EGEFCPLKTYQLCAG","Sus scrofa (pig)","Other","Salmonella enterica subsp. enterica serovar Typhimurium str. SL1344 (Salmonella enterica subsp. enterica serovar Typhimurium SL1344)"
"383","Linear peptide","GEFCDGPNSSSIAAG","Sus scrofa (pig)","Other","Salmonella enterica subsp. enterica serovar Typhimurium str. SL1344 (Salmonella enterica subsp. enterica serovar Typhimurium SL1344)"
"384","Linear peptide","EGEFCTHCKFALLCG","Sus scrofa (pig)","Other","Salmonella enterica subsp. enterica serovar Typhimurium str. SL1344 (Salmonella enterica subsp. enterica serovar Typhimurium SL1344)"
"385","Linear peptide","EGEFCTCAQSLRGCG","Sus scrofa (pig)","Other","Salmonella enterica subsp. enterica serovar Typhimurium str. SL1344 (Salmonella enterica subsp. enterica serovar Typhimurium SL1344)"
"386","Linear peptide","GEFCEVLQSWYQFCG","Sus scrofa (pig)","Other","Salmonella enterica subsp. enterica serovar Typhimurium str. SL1344 (Salmonella enterica subsp. enterica serovar Typhimurium SL1344)"
"387","Linear peptide","EFCCTPPGKPCEVRG","Sus scrofa (pig)","Other","Salmonella enterica subsp. enterica serovar Typhimurium str. SL1344 (Salmonella enterica subsp. enterica serovar Typhimurium SL1344)"
"388","Linear peptide","IQRYKGLGEMDAEDLWDTTMDP","Sus scrofa (pig)","Structurally Related","Actinobacillus pleuropneumoniae serovar 5"
"389","Linear peptide","KEDFRYAISSTNEIGLLGA","Sus scrofa Landrace X Large White","Epitope","KEDFRYAISSTNEIGLLGA"
"390","Linear peptide","KEDFRYAISSTNEIGLLGA","Sus scrofa Landrace X Large White","Epitope","KEDFRYAISSTNEIGLLGA"
"391","Linear peptide","RTTVKTPSWAVDMMRFNINDFLPPGGGS","Sus scrofa (pig)","Taxonomic Parent","Porcine circovirus 2 (Porcine circovirus Type II)"
"392","Linear peptide","CSPITQGDRGVGSSAVILDDNFVTKATALT","Sus scrofa (pig)","Taxonomic Parent","Porcine circovirus 2 (Porcine circovirus Type II)"
"393","Linear peptide","HVGLGTAFENSIYDQEYNIRVTMYVQFREFNLKDPPLNP","Sus scrofa (pig)","Taxonomic Parent","Porcine circovirus 2 (Porcine circovirus Type II)"
"394","Linear peptide","HNDVYISLPITLLHFPAHFQKFSQPAEISDKR","Sus scrofa (pig)","Taxonomic Parent","Porcine circovirus 2 (Porcine circovirus Type II)"
"395","Linear peptide","MASSTPASPAPSDILSSEPQSERPPGRWT","Sus scrofa (pig)","Source Organism","Porcine circovirus 2 (Porcine circovirus Type II)"
"396","Linear peptide","MGLGSASSILLAGHVAAEVLPRCCRCRSALVILTAHEFRFQI","Sus scrofa (pig)","Source Organism","Porcine circovirus 2 (Porcine circovirus Type II)"
"397","Linear peptide","HVGLGTAFENSIYDQEYNIRVTMYVQFREFNLKDPPLNP","Sus scrofa (pig)","Taxonomic Parent","Porcine circovirus 2 (Porcine circovirus Type II)"
"398","Linear peptide","FSETIPAPTGKDEAQQRSDVELLRFSLLLIQSWLGPVQFLSR","Sus scrofa Duroc X Yorkshire X Hampshire","Epitope","FSETIPAPTGKDEAQQRSDVELLRFSLLLIQSWLGPVQFLSR"
"399","Linear peptide","FSETIPAPTGKDEAQQRSDVELLRFSLLLIQSWLGPVQFLSR","Sus scrofa Duroc X Yorkshire X Hampshire","Epitope","FSETIPAPTGKDEAQQRSDVELLRFSLLLIQSWLGPVQFLSR"
"400","Linear peptide","KLCKLRGVAPLHLGK","Sus scrofa (pig)","Source Organism","Influenza A virus (A/California/04/2009(H1N1))"
"401","Linear peptide","CFEFYHKCDNTCMES","Sus scrofa (pig)","Source Organism","Influenza A virus (A/California/04/2009(H1N1))"
"402","Linear peptide","VSLGAISFWMCSNGS","Sus scrofa (pig)","Source Organism","Influenza A virus (A/California/04/2009(H1N1))"
"403","Linear peptide","AISFWMCSNGSLQCR","Sus scrofa (pig)","Source Organism","Influenza A virus (A/California/04/2009(H1N1))"
"404","Linear peptide","CFEFYHKCDNTCMES","Sus scrofa (pig)","Epitope","CFEFYHKCDNTCMES"
"405","Linear peptide","IINSGRIVTTAIKTLLSTVKYDIVKSAHIYAGQGYTEHQAQ","Sus scrofa Landrace X Large White","Taxonomic Sibling","African swine fever virus OURT 88/3 (African swine fever virus isolate OURT 88/3)"
"406","Linear peptide","MEVIFKTDLRSSSQVVFHAG","Sus scrofa (pig)","Source Antigen","ASFV-induced protein p32 [African swine fever virus]"
"407","Linear peptide","MEVIFKTDLRSSSQVVFHAG","Sus scrofa Landrace X Large White","Taxonomic Sibling","African swine fever virus OURT 88/3 (African swine fever virus isolate OURT 88/3)"
"408","Linear peptide","DIVKSAHIYAGQGYTEHQAQEEWNMILHVLFEEETESSASSESIHEKNDN","Sus scrofa (pig)","Source Antigen","ASFV-induced protein p32 [African swine fever virus]"
"409","Linear peptide","DIVKSAHIYAGQGYTEHQAQEEWNMILHVLFEEETESSASSESIHEKNDN","Sus scrofa Landrace X Large White","Taxonomic Sibling","African swine fever virus OURT 88/3 (African swine fever virus isolate OURT 88/3)"
"410","Linear peptide","FEEETESSASSESIHEKNDNETNECTSSFETLFEQEPSSE","Sus scrofa (pig)","Source Antigen","ASFV-induced protein p32 [African swine fever virus]"
"411","Linear peptide","FEEETESSASSESIHEKNDNETNECTSSFETLFEQEPSSE","Sus scrofa Landrace X Large White","Taxonomic Sibling","African swine fever virus OURT 88/3 (African swine fever virus isolate OURT 88/3)"
"412","Linear peptide","ETNECTSSFETLFEQEPSSEEPKDSKLYMLAQKTVQHIEQYGKAPDFNKV","Sus scrofa (pig)","Source Antigen","ASFV-induced protein p32 [African swine fever virus]"
"413","Linear peptide","ETNECTSSFETLFEQEPSSEEPKDSKLYMLAQKTVQHIEQYGKAPDFNKV","Sus scrofa Landrace X Large White","Taxonomic Sibling","African swine fever virus OURT 88/3 (African swine fever virus isolate OURT 88/3)"
"414","Linear peptide","IRAHNFIQTIHGTPLKEEEKEVVRLMVIKLLKKNKLLSHLHLMF","Sus scrofa (pig)","Source Antigen","ASFV-induced protein p32 [African swine fever virus]"
"415","Linear peptide","QVVFHAGSLYNWFSVEIINSGRIVTTAIKTLLSTVKY","Sus scrofa Landrace X Large White","Taxonomic Sibling","African swine fever virus OURT 88/3 (African swine fever virus isolate OURT 88/3)"
"416","Linear peptide","IINSGRIVTTAIKTLLSTVKYDIVKSAHIYAGQGYTEHQAQ","Sus scrofa Landrace X Large White","Source Antigen","ASFV-induced protein p32 [African swine fever virus]"
"417","Linear peptide","MEVIFKTDLRSSSQVVFHAG","Sus scrofa Landrace X Large White","Source Antigen","ASFV-induced protein p32 [African swine fever virus]"
"418","Linear peptide","DIVKSAHIYAGQGYTEHQAQEEWNMILHVLFEEETESSASSESIHEKNDN","Sus scrofa Landrace X Large White","Source Antigen","ASFV-induced protein p32 [African swine fever virus]"
"419","Linear peptide","FEEETESSASSESIHEKNDNETNECTSSFETLFEQEPSSE","Sus scrofa Landrace X Large White","Source Antigen","ASFV-induced protein p32 [African swine fever virus]"
"420","Linear peptide","ETNECTSSFETLFEQEPSSEEPKDSKLYMLAQKTVQHIEQYGKAPDFNKV","Sus scrofa Landrace X Large White","Source Antigen","ASFV-induced protein p32 [African swine fever virus]"
"421","Linear peptide","KTVQHIEQYGKAPDFNKVIRAHNFIQTIHGTPLKEEEKEV","Sus scrofa Landrace X Large White","Source Antigen","ASFV-induced protein p32 [African swine fever virus]"
"422","Linear peptide","IRAHNFIQTIHGTPLKEEEKEVVRLMVIKLLKKNKLLSHLHLMF","Sus scrofa Landrace X Large White","Source Antigen","ASFV-induced protein p32 [African swine fever virus]"
"423","Linear peptide","QVVFHAGSLYNWFSVEIINSGRIVTTAIKTLLSTVKY","Sus scrofa Landrace X Large White","Source Antigen","ASFV-induced protein p32 [African swine fever virus]"
"424","Linear peptide","CTAVSPTTLRTEVVK","Sus scrofa (pig)","Source Organism","Classical swine fever virus (Hog cholera virus)"
"425","Linear peptide","CTAVSPTTLRTEVVK","Sus scrofa (pig)","Source Organism","Classical swine fever virus (Hog cholera virus)"
"426","Linear peptide","CTAVSPTTLRTEVVK","Sus scrofa (pig)","Source Organism","Classical swine fever virus (Hog cholera virus)"
"427","Linear peptide","CTAVSPTTLRTEVVK","Sus scrofa (pig)","Source Organism","Classical swine fever virus (Hog cholera virus)"
"428","Linear peptide","CTAVSPTTLRTEVVK","Sus scrofa (pig)","Source Organism","Classical swine fever virus (Hog cholera virus)"
"429","Linear peptide","FPTPGSRPKLHDFQQ","Sus scrofa (pig)","Source Organism","Porcine respiratory and reproductive syndrome virus BJ-4"
"430","Linear peptide","PVTNVRGDLQVLAQKAART","Sus scrofa Landrace X Large White","Epitope","PVTNVRGDLQVLAQKAART"
"431","Linear peptide","AAIEEEDIQFINPYQD","Sus scrofa Landrace X Large White","Taxonomic Sibling","African swine fever virus OURT 88/3 (African swine fever virus isolate OURT 88/3)"
"432","Linear peptide","EEDIQFINPYQDQQWV","Sus scrofa Landrace X Large White","Taxonomic Sibling","African swine fever virus OURT 88/3 (African swine fever virus isolate OURT 88/3)"
"433","Linear peptide","TPQPGTSKPAGATTA","Sus scrofa Landrace X Large White","Taxonomic Sibling","African swine fever virus OURT 88/3 (African swine fever virus isolate OURT 88/3)"
"434","Linear peptide","TSKPAGATTASVGKP","Sus scrofa Landrace X Large White","Taxonomic Sibling","African swine fever virus OURT 88/3 (African swine fever virus isolate OURT 88/3)"
"435","Linear peptide","SVGKPVTGRPATNRPA","Sus scrofa Landrace X Large White","Taxonomic Sibling","African swine fever virus OURT 88/3 (African swine fever virus isolate OURT 88/3)"
"436","Linear peptide","ATNKPVTDNPVTDRL","Sus scrofa Landrace X Large White","Taxonomic Sibling","African swine fever virus OURT 88/3 (African swine fever virus isolate OURT 88/3)"
"437","Linear peptide","VTDNPVTDRLVMATG","Sus scrofa Landrace X Large White","Taxonomic Sibling","African swine fever virus OURT 88/3 (African swine fever virus isolate OURT 88/3)"
"438","Linear peptide","HEALFSSDLKQESGV","Sus scrofa (pig)","Taxonomic Child","Trichinella spiralis ISS 533 strain"
"439","Linear peptide","REALFSSDSKEQSGV","Sus scrofa (pig)","Taxonomic Child","Trichinella spiralis ISS 533 strain"
"440","Linear peptide","QHIEQYGKAPDFNKV","Sus scrofa (pig)","Taxonomic Sibling","African swine fever virus (African swine fever virus ASF)"
"441","Linear peptide","QHIEQYGKAPDFNKV","Sus scrofa (pig)","Taxonomic Sibling","African swine fever virus pig/Kenya/KEN-50/1950 (African swine fever virus (isolate Pig/Kenya/KEN-50/1950))"
"442","Linear peptide","QHIEQYGKAPDFNKV","Sus scrofa (pig)","Taxonomic Sibling","African swine fever virus Lisbon 60/lis60 (AFRICAN SWINE FEVER VIRUS (ISOLATE LISBON 60 / LIS60))"
"443","Linear peptide","QHIEQYGKAPDFNKV","Sus scrofa (pig)","Taxonomic Sibling","African swine fever virus (African swine fever virus ASF)"
"444","Linear peptide","PVTNVRGDLQVLAQKAART","Sus scrofa domesticus (domestic pig)","Epitope","PVTNVRGDLQVLAQKAART"
"445","Linear peptide","PVTNVRGDLQVLAQKAART","Sus scrofa Landrace X Large White","Epitope","PVTNVRGDLQVLAQKAART"
"446","Linear peptide","PVTNVRGDLQVLAQKAART","Sus scrofa Landrace X Large White","Epitope","PVTNVRGDLQVLAQKAART"
"447","Linear peptide","ILDDNFVTKATALTYDPY","Sus scrofa (pig)","Source Organism","Porcine circovirus type 2-B (Porcine circovirus type 2b)"
"448","Linear peptide","VLDSTIDYFQPNNKR","Sus scrofa (pig)","Source Organism","Porcine circovirus type 2-B (Porcine circovirus type 2b)"
"449","Linear peptide","ILDDNFVTKATALTYDPY","Sus scrofa (pig)","Taxonomic Sibling","capsid protein"
"450","Linear peptide","QSSEKRDGEQVNKGKPP","Sus scrofa (pig)","Epitope","QSSEKRDGEQVNKGKPP"
"451","Linear peptide","HNDVYISLPITLLHFPAHFQKFSQPAEISDKR","Sus scrofa (pig)","Taxonomic Parent","Porcine circovirus 2 (Porcine circovirus Type II)"
"452","Linear peptide","VPSGTTYYVVNPDNNENLR","Sus scrofa Duroc X Yorkshire X Hampshire","Derivative of Source Organism","Unspecified food product from Glycine max (soybeans)"
"453","Linear peptide","FESFFLSSTEAQQSYLQGFSR","Sus scrofa Duroc X Yorkshire X Hampshire","Derivative of Source Organism","Unspecified food product from Glycine max (soybeans)"
"454","Linear peptide","DLDIFLSIVDMNEGALLLPHFNSK","Sus scrofa Duroc X Yorkshire X Hampshire","Derivative of Source Organism","Unspecified food product from Glycine max (soybeans)"
"455","Linear peptide","DLDVFLSVVDMNEGALFLPHFNSK","Sus scrofa Duroc X Yorkshire X Hampshire","Derivative of Source Organism","Unspecified food product from Glycine max (soybeans)"
"456","Linear peptide","IPAGTTYYLVNPHDHQNLK","Sus scrofa Duroc X Yorkshire X Hampshire","Derivative of Source Organism","Unspecified food product from Glycine max (soybeans)"
"457","Linear peptide","YDDFFLSSTQAQQSYLQGFSHNILETSFHSEFEEINR","Sus scrofa Duroc X Yorkshire X Hampshire","Derivative of Source Organism","Unspecified food product from Glycine max (soybeans)"
"458","Linear peptide","VLFGEEEEQRQQEGVIVELSK","Sus scrofa Duroc X Yorkshire X Hampshire","Derivative of Source Organism","Unspecified food product from Glycine max (soybeans)"
"459","Linear peptide","DLDIFLSSVDINEGALLLPHFNSK","Sus scrofa Duroc X Yorkshire X Hampshire","Derivative of Source Organism","Unspecified food product from Glycine max (soybeans)"
"460","Linear peptide","DLDIFLSSVDINEGALLLPHFNSK","Sus scrofa Duroc X Yorkshire X Hampshire","Derivative of Source Organism","Unspecified food product from Glycine max (soybeans)"
"461","Linear peptide","QGFSHNILETSFHSEF","Sus scrofa Duroc X Yorkshire X Hampshire","Derivative of Source Organism","Unspecified food product from Glycine max (soybeans)"
"462","Linear peptide","PVTNVRGDLQVLAQKAART","Sus scrofa Landrace X Large White","Epitope","PVTNVRGDLQVLAQKAART"
"463","Linear peptide","PVTNVRGDLQVLAQKAART","Sus scrofa Landrace X Large White","Epitope","PVTNVRGDLQVLAQKAART"
"464","Linear peptide","PVTNVRGDLQVLAQKAART","Sus scrofa Landrace X Large White","Source Organism","Foot-and-mouth disease virus (strain O1) O/UKG/11/2001"
"465","Linear peptide","ELMVNYTVCPLCPTRQAA","Sus scrofa (pig)","Source Organism","Porcine reproductive and respiratory syndrome virus JXA1-R"
"466","Linear peptide","PLCPTRQAAAEILEPGKS","Sus scrofa (pig)","Source Organism","Porcine reproductive and respiratory syndrome virus JXA1-R"
"467","Linear peptide","AEILEPGKSFWCKIGNDR","Sus scrofa (pig)","Source Organism","Porcine reproductive and respiratory syndrome virus JXA1-R"
"468","Linear peptide","FWCKIGNDRCSENDHDEL","Sus scrofa (pig)","Source Organism","Porcine reproductive and respiratory syndrome virus JXA1-R"
"469","Linear peptide","CSENDHDELGFMVPPGLS","Sus scrofa (pig)","Source Organism","Porcine reproductive and respiratory syndrome virus JXA1-R"
"470","Linear peptide","GFMVPPGLSSEGHLTSVY","Sus scrofa (pig)","Source Organism","Porcine reproductive and respiratory syndrome virus JXA1-R"
"471","Linear peptide","MAAPVVPTTDASWFQVLKAQNKKATHPQFRGNGVPLNSAIKPVENHGYWL","Sus scrofa (pig)","Taxonomic Child","Porcine Deltacoronavirus NH/China/2015"
"472","Linear peptide","MDSEFFQPVYPRHYGECLSPVTTPSFFST","Sus scrofa (pig)","Source Organism","African swine fever virus (African swine fever virus ASF)"
"473","Linear peptide","GLTTTWKEYSHDLQL","Sus scrofa (pig)","Taxonomic Parent","Classical swine fever virus (Hog cholera virus)"
"474","Linear peptide","TTTVENEDLFYCKLG","Sus scrofa (pig)","Taxonomic Parent","Classical swine fever virus (Hog cholera virus)"
"475","Linear peptide","CLIGNTTVKVHASDER","Sus scrofa (pig)","Taxonomic Parent","Classical swine fever virus (Hog cholera virus)"
"476","Linear peptide","KCTLKSFTVEKGIYQTSNFR","Sus scrofa (pig)","Fragment of Source Antigen","RVQPTESIVRFPNITNLCPFGEVFNATRFASVYAWNRKRISNCVADYSVLYNSASFSTFKCYGVSPTKLNDLCFTNVYADSFVIRGDEVRQIAPGQTGKIADYNYKLPDDFTGCVIAWNSNNLDSKVGGNYNYLYRLFRKSNLKPFERDISTEIYQAGSTPCNGVEGFNCYFPLQSYGFQPTNGVGYQPYRVVVLSFELLHAPATVCGPKKSTNLVKNKCVNF"
"477","Linear peptide","TRFASVYAWNRKRISNCVAD","Sus scrofa (pig)","Fragment of Source Antigen","RVQPTESIVRFPNITNLCPFGEVFNATRFASVYAWNRKRISNCVADYSVLYNSASFSTFKCYGVSPTKLNDLCFTNVYADSFVIRGDEVRQIAPGQTGKIADYNYKLPDDFTGCVIAWNSNNLDSKVGGNYNYLYRLFRKSNLKPFERDISTEIYQAGSTPCNGVEGFNCYFPLQSYGFQPTNGVGYQPYRVVVLSFELLHAPATVCGPKKSTNLVKNKCVNF"
"478","Linear peptide","DEVRQIAPGQTGKIADYNYK","Sus scrofa (pig)","Fragment of Source Antigen","RVQPTESIVRFPNITNLCPFGEVFNATRFASVYAWNRKRISNCVADYSVLYNSASFSTFKCYGVSPTKLNDLCFTNVYADSFVIRGDEVRQIAPGQTGKIADYNYKLPDDFTGCVIAWNSNNLDSKVGGNYNYLYRLFRKSNLKPFERDISTEIYQAGSTPCNGVEGFNCYFPLQSYGFQPTNGVGYQPYRVVVLSFELLHAPATVCGPKKSTNLVKNKCVNF"
"479","Linear peptide","NYLYRLFRKSNLKPFERDIS","Sus scrofa (pig)","Fragment of Source Antigen","RVQPTESIVRFPNITNLCPFGEVFNATRFASVYAWNRKRISNCVADYSVLYNSASFSTFKCYGVSPTKLNDLCFTNVYADSFVIRGDEVRQIAPGQTGKIADYNYKLPDDFTGCVIAWNSNNLDSKVGGNYNYLYRLFRKSNLKPFERDISTEIYQAGSTPCNGVEGFNCYFPLQSYGFQPTNGVGYQPYRVVVLSFELLHAPATVCGPKKSTNLVKNKCVNF"
"480","Linear peptide","ERDISTEIYQAGSTPCNGVE","Sus scrofa (pig)","Fragment of Source Antigen","RVQPTESIVRFPNITNLCPFGEVFNATRFASVYAWNRKRISNCVADYSVLYNSASFSTFKCYGVSPTKLNDLCFTNVYADSFVIRGDEVRQIAPGQTGKIADYNYKLPDDFTGCVIAWNSNNLDSKVGGNYNYLYRLFRKSNLKPFERDISTEIYQAGSTPCNGVEGFNCYFPLQSYGFQPTNGVGYQPYRVVVLSFELLHAPATVCGPKKSTNLVKNKCVNF"
"481","Linear peptide","CGPKKSTNLVKNKCVNFNFN","Sus scrofa (pig)","Fragment of Source Antigen","RVQPTESIVRFPNITNLCPFGEVFNATRFASVYAWNRKRISNCVADYSVLYNSASFSTFKCYGVSPTKLNDLCFTNVYADSFVIRGDEVRQIAPGQTGKIADYNYKLPDDFTGCVIAWNSNNLDSKVGGNYNYLYRLFRKSNLKPFERDISTEIYQAGSTPCNGVEGFNCYFPLQSYGFQPTNGVGYQPYRVVVLSFELLHAPATVCGPKKSTNLVKNKCVNF"
"482","Linear peptide","VNCTEVPVAIHADQL","Sus scrofa (pig)","Fragment of Source Antigen","RVQPTESIVRFPNITNLCPFGEVFNATRFASVYAWNRKRISNCVADYSVLYNSASFSTFKCYGVSPTKLNDLCFTNVYADSFVIRGDEVRQIAPGQTGKIADYNYKLPDDFTGCVIAWNSNNLDSKVGGNYNYLYRLFRKSNLKPFERDISTEIYQAGSTPCNGVEGFNCYFPLQSYGFQPTNGVGYQPYRVVVLSFELLHAPATVCGPKKSTNLVKNKCVNF"
"483","Linear peptide","SVMGRQVCIPVLGAPTGVT","Sus scrofa Duroc X Large White X Landrace","Source Organism","Porcine epidemic diarrhea virus (porcine epidemic diarrhoea virus)"
"484","Linear peptide","TLLVEGYKVATGVQVSQLPNFV","Sus scrofa Duroc X Large White X Landrace","Source Organism","Porcine epidemic diarrhea virus (porcine epidemic diarrhoea virus)"
"485","Linear peptide","SKHGDYSAVSNPSAVLTDSEKV","Sus scrofa Duroc X Large White X Landrace","Source Organism","Porcine epidemic diarrhea virus (porcine epidemic diarrhoea virus)"
"486","Linear peptide","SLPQDVTRCSANTNFRRFFSKFNVQ","Sus scrofa Duroc X Large White X Landrace","Source Organism","Porcine epidemic diarrhea virus (porcine epidemic diarrhoea virus)"
"487","Linear peptide","IGENQGVNSTWYCAGQHPTASGVHG","Sus scrofa Duroc X Large White X Landrace","Source Organism","Porcine epidemic diarrhea virus (porcine epidemic diarrhoea virus)"
"488","Linear peptide","IGENQGVNSTWYCAGQHPTA","Sus scrofa Duroc X Large White X Landrace","Source Organism","Porcine epidemic diarrhea virus (porcine epidemic diarrhoea virus)"
"489","Linear peptide","IKTLGPTANNDVTTGR","Sus scrofa Duroc X Large White X Landrace","Source Organism","Porcine epidemic diarrhea virus (porcine epidemic diarrhoea virus)"
"490","Linear peptide","TSAGEDGISYQPCTANCIGY","Sus scrofa Duroc X Large White X Landrace","Source Organism","Porcine epidemic diarrhea virus (porcine epidemic diarrhoea virus)"
"491","Linear peptide","QTIDGVCNGAAAQRA","Sus scrofa Duroc X Large White X Landrace","Source Organism","Porcine epidemic diarrhea virus (porcine epidemic diarrhoea virus)"
"492","Linear peptide","KIVYGVVDTYNSTVYK","Sus scrofa Duroc X Large White X Landrace","Source Organism","Porcine epidemic diarrhea virus (porcine epidemic diarrhoea virus)"
"493","Linear peptide","RILYCDDPVSQLKCSQVAFDL","Sus scrofa Duroc X Large White X Landrace","Source Organism","Porcine epidemic diarrhea virus (porcine epidemic diarrhoea virus)"
"494","Linear peptide","FDLDDGFYPISSRNLLSHEQPIS","Sus scrofa Duroc X Large White X Landrace","Source Organism","Porcine epidemic diarrhea virus (porcine epidemic diarrhoea virus)"
"495","Linear peptide","NSYGYVSKSQDSNCPFTLQSVND","Sus scrofa Duroc X Large White X Landrace","Source Organism","Porcine epidemic diarrhea virus (porcine epidemic diarrhoea virus)"
"496","Linear peptide","GELITGTPKPLEGVTDVSFM","Sus scrofa Duroc X Large White X Landrace","Source Organism","Porcine epidemic diarrhea virus (porcine epidemic diarrhoea virus)"
"497","Linear peptide","KNVTSGAVYSVTPCSFSEQAAYVDDDIVGV","Sus scrofa Duroc X Large White X Landrace","Source Organism","Porcine epidemic diarrhea virus (porcine epidemic diarrhoea virus)"
"498","Linear peptide","NSTFNSTRELPGFFYHSNDGSNCTEPVLVYSNIGVCKSGSIGYVPSQSGQVKIA","Sus scrofa Duroc X Large White X Landrace","Source Organism","Porcine epidemic diarrhea virus (porcine epidemic diarrhoea virus)"
"499","Linear peptide","YSNIGVCKSGSIGYVPSQSGQVKIA","Sus scrofa Duroc X Large White X Landrace","Source Organism","Porcine epidemic diarrhea virus (porcine epidemic diarrhoea virus)"
"500","Linear peptide","EYLQLYNTPVSVDCATYVCNGNSRC","Sus scrofa Duroc X Large White X Landrace","Source Organism","Porcine epidemic diarrhea virus (porcine epidemic diarrhoea virus)"
"501","Linear peptide","QLYNTPVSVDCATYVCNGNSRC","Sus scrofa Duroc X Large White X Landrace","Source Organism","Porcine epidemic diarrhea virus (porcine epidemic diarrhoea virus)"
"502","Linear peptide","EEALQLATISSFNGDG","Sus scrofa Duroc X Large White X Landrace","Source Organism","Porcine epidemic diarrhea virus (porcine epidemic diarrhoea virus)"
"503","Linear peptide","LGVSVYDPASGRVVQK","Sus scrofa Duroc X Large White X Landrace","Source Organism","Porcine epidemic diarrhea virus (porcine epidemic diarrhoea virus)"
"504","Linear peptide","VTNGLGTVDEDYKRCSNG","Sus scrofa Duroc X Large White X Landrace","Source Organism","Porcine epidemic diarrhea virus (porcine epidemic diarrhoea virus)"
"505","Linear peptide","ALTKVQEVVNSQGAA","Sus scrofa Duroc X Large White X Landrace","Source Organism","Porcine epidemic diarrhea virus (porcine epidemic diarrhoea virus)"
"506","Linear peptide","RKLAQQKVNECVKSQSQRYGFCGG","Sus scrofa Duroc X Large White X Landrace","Source Organism","Porcine epidemic diarrhea virus (porcine epidemic diarrhoea virus)"
"507","Linear peptide","YVNLTRDQLPDVIPDYIDVNK","Sus scrofa Duroc X Large White X Landrace","Source Organism","Porcine epidemic diarrhea virus (porcine epidemic diarrhoea virus)"
"508","Linear peptide","LTRDQLPDVIPDYIDVNK","Sus scrofa Duroc X Large White X Landrace","Source Organism","Porcine epidemic diarrhea virus (porcine epidemic diarrhoea virus)"
"509","Linear peptide","ASLPNRTGPSLPLDV","Sus scrofa Duroc X Large White X Landrace","Source Organism","Porcine epidemic diarrhea virus (porcine epidemic diarrhoea virus)"
"510","Linear peptide","CCISTGCCGCCGCCGACFSGCCRGPRLQPYEAFEK","Sus scrofa Duroc X Large White X Landrace","Source Organism","Porcine epidemic diarrhea virus (porcine epidemic diarrhoea virus)"
"511","Linear peptide","CCISTGCCGCCGCCGACFSGCCRGPRLQP","Sus scrofa Duroc X Large White X Landrace","Source Organism","Porcine epidemic diarrhea virus (porcine epidemic diarrhoea virus)"
"512","Linear peptide","CCRGPRLQPYEAFEK","Sus scrofa Duroc X Large White X Landrace","Source Organism","Porcine epidemic diarrhea virus (porcine epidemic diarrhoea virus)"
"513","Linear peptide","PVTGRPATNRPATNKPVTDNPVT","Sus scrofa (pig)","Source Organism","African swine fever virus (African swine fever virus ASF)"
"514","Linear peptide","TTTLTHQDEPLDLPAS","Sus scrofa (pig)","Taxonomic Child","Porcine reproductive and respiratory syndrome virus HuN4-F112"
"515","Linear peptide","TTTLTHQDEPLDLPAS","Sus scrofa (pig)","Taxonomic Child","Porcine reproductive and respiratory syndrome virus HeB108"
"516","Linear peptide","LAPSQNMGILEAGGQE","Sus scrofa (pig)","Taxonomic Child","Porcine reproductive and respiratory syndrome virus HeB108"
"517","Linear peptide","GILEAGGQEVEEVLSEI","Sus scrofa (pig)","Taxonomic Child","Porcine reproductive and respiratory syndrome virus HuN4-F112"
"518","Linear peptide","GILEAGGQEVEEVLSEI","Sus scrofa (pig)","Taxonomic Child","Porcine reproductive and respiratory syndrome virus HeB108"
"519","Linear peptide","VEEVLSEISDILNDTN","Sus scrofa (pig)","Taxonomic Child","Porcine reproductive and respiratory syndrome virus HuN4-F112"
"520","Linear peptide","SDILNDTNPAPVSSSSS","Sus scrofa (pig)","Taxonomic Child","Porcine reproductive and respiratory syndrome virus HuN4-F112"
"521","Linear peptide","SDILNDTNPAPVSSSSS","Sus scrofa (pig)","Taxonomic Child","Porcine reproductive and respiratory syndrome virus HeB108"
"522","Linear peptide","DTDELLDRGPSAPSKG","Sus scrofa (pig)","Taxonomic Child","Porcine reproductive and respiratory syndrome virus HeB108"
"523","Linear peptide","EPVCDQPAKDPRMSPR","Sus scrofa (pig)","Taxonomic Child","Porcine reproductive and respiratory syndrome virus HeB108"
"524","Linear peptide","SKYDQDYNIRVTMYVQFREFNLKDPPLKP","sus scrofa TLRI Black Pig No.1","Source Organism","Porcine circovirus 2 -A"
"525","Linear peptide","SKYDQDYNIRVTMYVQFREFNLKDPPLKP","sus scrofa TLRI Black Pig No.1","Source Organism","Porcine circovirus 2 -A"
"526","Linear peptide","SKYDQDYNIRVTMYVQFR","sus scrofa TLRI Black Pig No.1","Source Organism","Porcine circovirus 2 -A"
"527","Linear peptide","RLTIYVQFREFILKDPLNK","sus scrofa TLRI Black Pig No.1","Taxonomic Sibling","Porcine circovirus 2 (Porcine circovirus Type II)"
"528","Linear peptide","VTMYVQFREFNLKDPPLKP","sus scrofa TLRI Black Pig No.1","Source Organism","Porcine circovirus 2 -A"
"529","Linear peptide","VTMYVQFREFNLKDPPLKP","sus scrofa TLRI Black Pig No.1","Source Organism","Porcine circovirus 2 -A"
"530","Linear peptide","VTMYVQFREFNLKDPPLNP","sus scrofa TLRI Black Pig No.1","Source Organism","Porcine circovirus type 2-B (Porcine circovirus type 2b)"
"531","Linear peptide","VTMYVQFREFNLKDPPLNP","sus scrofa TLRI Black Pig No.1","Source Organism","Porcine circovirus type 2-B (Porcine circovirus type 2b)"
"532","Linear peptide","DYNIRVTMYVQFREFNLKDPPLKP","sus scrofa TLRI Black Pig No.1","Source Organism","Porcine circovirus 2 -A"
"533","Linear peptide","DYNIRVTMYVQFREFNLKDPPLKP","sus scrofa TLRI Black Pig No.1","Source Organism","Porcine circovirus 2 -A"
"534","Linear peptide","RTTVKTPSWAVDMMRFNINDFLPPGGGS","sus scrofa TLRI Black Pig No.1","Source Organism","Porcine circovirus type 2-B (Porcine circovirus type 2b)"
"535","Linear peptide","CSPITQGDRGVGSSAVILDDNFVTKATALT","sus scrofa TLRI Black Pig No.1","Source Organism","Porcine circovirus type 2-B (Porcine circovirus type 2b)"
"536","Linear peptide","HVGLGTAFENSIYDQEYNIRVTMYVQFREFNLKDPPLNP","sus scrofa TLRI Black Pig No.1","Source Organism","Porcine circovirus type 2-B (Porcine circovirus type 2b)"
"537","Linear peptide","HNDVYISLPITLLHFPAHFQKFSQPAEISDKR","sus scrofa TLRI Black Pig No.1","Source Organism","Porcine circovirus type 2-B (Porcine circovirus type 2b)"
"538","Linear peptide","MASSTPASPAPSDILSSEPQSERPPGRWT","sus scrofa TLRI Black Pig No.1","Source Organism","Porcine circovirus 2 (Porcine circovirus Type II)"
"539","Linear peptide","MGLGSASSILLAGHVAAEVLPRCCRCRSALVILTAHFFRFQI","sus scrofa TLRI Black Pig No.1","Source Organism","Porcine circovirus 2 (Porcine circovirus Type II)"
"540","Linear peptide","TLLHFPAHFQKFSQPAEISDKR","sus scrofa TLRI Black Pig No.1","Source Organism","Porcine circovirus type 2-B (Porcine circovirus type 2b)"
"541","Linear peptide","CNGHQTPALQQGTHSSRQVTP","sus scrofa TLRI Black Pig No.1","Source Organism","Porcine circovirus type 2-B (Porcine circovirus type 2b)"
"542","Linear peptide","ISLPITLLHFPAHFQKFSQP","sus scrofa TLRI Black Pig No.1","Source Organism","Porcine circovirus type 2-B (Porcine circovirus type 2b)"
"543","Linear peptide","KATALTYDPYVNYSS","sus scrofa TLRI Black Pig No.1","Source Organism","Porcine circovirus 2 (Porcine circovirus Type II)"
"544","Linear peptide","PFEYYRIRKVKVEFWP","sus scrofa TLRI Black Pig No.1","Source Organism","Porcine circovirus 2 (Porcine circovirus Type II)"
"545","Linear peptide","GVGSSAVILDDNFVT","sus scrofa TLRI Black Pig No.1","Source Organism","Porcine circovirus type 2-B (Porcine circovirus type 2b)"
"546","Linear peptide","PVLDSTIDYFQPNNKRNQLWL","sus scrofa TLRI Black Pig No.1","Source Organism","Porcine circovirus 2 (Porcine circovirus Type II)"
"547","Linear peptide","MSTAQEGVLTVVALTVYPKVRERRVLKMPFFLLQR","sus scrofa TLRI Black Pig No.1","Source Organism","Porcine circovirus 2 (Porcine circovirus Type II)"
"548","Linear peptide","MAAGAVSSSAVTPPWIRHS","sus scrofa TLRI Black Pig No.1","Source Organism","Porcine circovirus 2 (Porcine circovirus Type II)"
"549","Linear peptide","MDIDHTVSVDHPTAASHKSHQ","sus scrofa TLRI Black Pig No.1","Source Organism","Porcine circovirus 2 (Porcine circovirus Type II)"
"550","Linear peptide","HNDVYISLPITLLHFPAHFQKFSQPAEISDKR","sus scrofa TLRI Black Pig No.1","Source Organism","Porcine circovirus type 2-B (Porcine circovirus type 2b)"
"551","Linear peptide","RTFGYTVKATTVRTP","sus scrofa TLRI Black Pig No.1","Source Organism","Porcine circovirus 2 -A"
"552","Linear peptide","KPHQSKPILTDENDTQRTCSHTNPK","Sus scrofa (pig)","Taxonomic Parent","African swine fever virus (African swine fever virus ASF)"
"553","Linear peptide","HFPENSHNIQTAGKQDITPIT","Sus scrofa (pig)","Taxonomic Parent","African swine fever virus (African swine fever virus ASF)"
"554","Linear peptide","NSADRVITQTAGNTAI","Sus scrofa (pig)","Source Organism","Senecavirus A China/Fujian/CH-FuJ/SVA/2017"
"555","Linear peptide","QTAGNTAINTQSSLGV","Sus scrofa (pig)","Source Organism","Senecavirus A China/Fujian/CH-FuJ/SVA/2017"
"556","Linear peptide","LCAYVEDPTKSDPPSS","Sus scrofa (pig)","Source Organism","Senecavirus A China/Fujian/CH-FuJ/SVA/2017"
"557","Linear peptide","TKSDPPSSSTDQPTTT","Sus scrofa (pig)","Source Organism","Senecavirus A China/Fujian/CH-FuJ/SVA/2017"
"558","Linear peptide","STDQPTTTFTAIDRWY","Sus scrofa (pig)","Source Organism","Senecavirus A China/Fujian/CH-FuJ/SVA/2017"
"559","Linear peptide","PDGKAKSLQELNEEQW","Sus scrofa (pig)","Source Organism","Senecavirus A China/Fujian/CH-FuJ/SVA/2017"
"560","Linear peptide","VEMSDDYRTGKNMPFQ","Sus scrofa (pig)","Source Organism","Senecavirus A China/Fujian/CH-FuJ/SVA/2017"
"561","Linear peptide","ARTSTSVDISVPYIGE","Sus scrofa (pig)","Source Organism","Senecavirus A China/Fujian/CH-FuJ/SVA/2017"
"562","Linear peptide","ISVPYIGETPTQSSET","Sus scrofa (pig)","Source Organism","Senecavirus A China/Fujian/CH-FuJ/SVA/2017"
"563","Linear peptide","KEGATTDPEITFSVRP","Sus scrofa (pig)","Source Organism","Senecavirus A China/Fujian/CH-FuJ/SVA/2017"
"564","Linear peptide","EITFSVRPTSPYFNGL","Sus scrofa (pig)","Source Organism","Senecavirus A China/Fujian/CH-FuJ/SVA/2017"
"565","Linear peptide","TSPYFNGLRNRFTTGT","Sus scrofa (pig)","Source Organism","Senecavirus A China/Fujian/CH-FuJ/SVA/2017"
"566","Linear peptide","AYVEDPTKSDPPSSSTDQPTTTF","Sus scrofa (pig)","Source Organism","Senecavirus A China/Fujian/CH-FuJ/SVA/2017"
"567","Linear peptide","WVEMSDDYRTGKNMPF","Sus scrofa (pig)","Source Organism","Senecavirus A China/Fujian/CH-FuJ/SVA/2017"
"568","Linear peptide","LVPLDYKEGATTDPE","Sus scrofa (pig)","Source Organism","Senecavirus A China/Fujian/CH-FuJ/SVA/2017"
"569","Linear peptide","PYFNGLRNRFTTGTDE","Sus scrofa (pig)","Source Organism","Senecavirus A China/Fujian/CH-FuJ/SVA/2017"
"570","Linear peptide","SENIHEKNDNETNECTSSFETLFE","Sus scrofa (pig)","Taxonomic Sibling","CP204L CDS [African swine fever virus]"
"571","Linear peptide","TLFEQEPSSEVPKDSKLYMLAQKT","Sus scrofa (pig)","Taxonomic Sibling","CP204L CDS [African swine fever virus]"
"572","Linear peptide","KQGGGIVTRPSGQFCN","Sus scrofa (pig)","Taxonomic Sibling","Porcine reproductive and respiratory syndrome virus HP"
"573","Linear peptide","ASNDSSSHLQLIYNLTLCELNGTDWLANKF","Sus scrofa (pig)","Epitope","ASNDSSSHLQLIYNLTLCELNGTDWLANKF"
"574","Linear peptide","SSSNLQLIYNLTTPVTRVSAEQWGRPC","Sus scrofa (pig)","Epitope","SSSNLQLIYNLTTPVTRVSAEQWGRPC"
"575","Linear peptide","ASNDSSSHLQLIYNLTLCELNGTDWLANKF","Sus scrofa (pig)","Taxonomic Sibling","PRRSV VR2332 (PRRSV VR-2332)"
"576","Linear peptide","WDCQDGICKNKITESRFIDS","Sus scrofa Landrace","Source Antigen","MGF_110-13L [African swine fever virus]"
"577","Linear peptide","ASNDSSSHLQLIYNLTLCELNGTDWLANKF","Sus scrofa (pig)","Source Organism","Porcine reproductive and respiratory syndrome virus 2"
"578","Linear peptide","SSSNLQLIYNLTTPVTRVSAEQWGRPC","Sus scrofa (pig)","Structurally Related","PRRSV VR2332 (PRRSV VR-2332)"
"579","Linear peptide","SSSNLQLIYNLTTPVTRVSAEQWGRPC","Sus scrofa (pig)","Structurally Related","Porcine reproductive and respiratory syndrome virus 2"
"580","Linear peptide","MSILEKITSSPSECAEHLTNKDSCL","Sus scrofa (pig)","Source Organism","African swine fever virus (African swine fever virus ASF)"
"581","Linear peptide","DLHKPHQSKPILTDENDTQ","Sus scrofa (pig)","Taxonomic Parent","African swine fever virus (African swine fever virus ASF)"
"582","Linear peptide","NLFVTPEIHNLFVKRVRFS","Sus scrofa (pig)","Taxonomic Parent","African swine fever virus (African swine fever virus ASF)"
"583","Linear peptide","HNLFVKRVRFSLIRVH","Sus scrofa (pig)","Taxonomic Parent","African swine fever virus (African swine fever virus ASF)"
"584","Linear peptide","AIMQPTHHAEISFQDRDTALPDACSSISDISPVTY","Sus scrofa (pig)","Taxonomic Parent","African swine fever virus (African swine fever virus ASF)"
"585","Linear peptide","SSRKKKAAAIEEEDIQFI","Sus scrofa (pig)","Taxonomic Parent","African swine fever virus (African swine fever virus ASF)"
"586","Linear peptide","GPAAAPAAASAPAHPAEPYTTVTTQNTASQTMSAIENLRQRNTYTHKDL","Sus scrofa (pig)","Taxonomic Parent","African swine fever virus (African swine fever virus ASF)"
"587","Linear peptide","TSPLLSHNLSTREGIKQSTQ","Sus scrofa (pig)","Taxonomic Parent","African swine fever virus (African swine fever virus ASF)"
"588","Linear peptide","TREGIKQSTQGLLAHTIAKY","Sus scrofa (pig)","Taxonomic Parent","African swine fever virus (African swine fever virus ASF)"
"589","Linear peptide","HHHFPVFFRKRKNSTSLQSH","Sus scrofa (pig)","Taxonomic Parent","African swine fever virus (African swine fever virus ASF)"
"590","Linear peptide","PKPPPSYYVQQPEPHHHFPVFFRKRKNSTSLQSHIPSDEQLAE","Sus scrofa (pig)","Taxonomic Parent","African swine fever virus (African swine fever virus ASF)"
"591","Linear peptide","TIDCKSSIPKPPPSYYVQQPEPHH","Sus scrofa (pig)","Taxonomic Parent","African swine fever virus (African swine fever virus ASF)"
"592","Linear peptide","NCVSSLSGMNVLVVKG","Sus scrofa (pig)","Taxonomic Parent","African swine fever virus (African swine fever virus ASF)"
"593","Linear peptide","GNIVENATQKQSQQIISNCLQGSKQAIDTTTG","Sus scrofa (pig)","Taxonomic Parent","African swine fever virus (African swine fever virus ASF)"
"594","Linear peptide","QGSKQAIDTTTGITNTVNQYSHYTSKNF","Sus scrofa (pig)","Taxonomic Parent","African swine fever virus (African swine fever virus ASF)"
"595","Linear peptide","SSSGGKHNDDKLPPP","Sus scrofa (pig)","Taxonomic Parent","African swine fever virus (African swine fever virus ASF)"
"596","Linear peptide","MPRQQKKCSKAEECTCNNGSC","Sus scrofa (pig)","Taxonomic Parent","African swine fever virus (African swine fever virus ASF)"
"597","Linear peptide","NEYTNSPEKAEKGLQLSDLRNFS","Sus scrofa (pig)","Taxonomic Parent","African swine fever virus (African swine fever virus ASF)"
"598","Linear peptide","HKDVYNILCLAHNLPASVEK","Sus scrofa (pig)","Taxonomic Parent","African swine fever virus (African swine fever virus ASF)"
"599","Linear peptide","STDNAETGVIEAGNTDTDFS","Sus scrofa (pig)","Source Organism","Senecavirus A (Seneca valley virus)"
"600","Linear peptide","DTDFSGELAAPGSNHTNVKF","Sus scrofa (pig)","Source Organism","Senecavirus A (Seneca valley virus)"
"601","Linear peptide","TQEGAQQDDGYFCLLTPRPT","Sus scrofa (pig)","Source Organism","Senecavirus A (Seneca valley virus)"
"602","Linear peptide","TPRPTVASRPATRFGLYANP","Sus scrofa (pig)","Source Organism","Senecavirus A (Seneca valley virus)"
"603","Linear peptide","LYANPSGSGVLANTSLDFNF","Sus scrofa (pig)","Source Organism","Senecavirus A (Seneca valley virus)"
"604","Linear peptide","LDFNFYSLACFTYFRSDLEV","Sus scrofa (pig)","Source Organism","Senecavirus A (Seneca valley virus)"
"605","Linear peptide","SDLEVTVVSLEPDLEFAVGW","Sus scrofa (pig)","Source Organism","Senecavirus A (Seneca valley virus)"
"606","Linear peptide","FAVGWFPSGSEYQASSFVYD","Sus scrofa (pig)","Source Organism","Senecavirus A (Seneca valley virus)"
"607","Linear peptide","SFVYDQLHVPFHFTGRTPRA","Sus scrofa (pig)","Source Organism","Senecavirus A (Seneca valley virus)"
"608","Linear peptide","RTPRAFASKGGKVSFVLPWN","Sus scrofa (pig)","Source Organism","Senecavirus A (Seneca valley virus)"
"609","Linear peptide","VLPWNSVSSVLPVRWGGASK","Sus scrofa (pig)","Source Organism","Senecavirus A (Seneca valley virus)"
"610","Linear peptide","GGASKLSSATRGLPAHADWG","Sus scrofa (pig)","Source Organism","Senecavirus A (Seneca valley virus)"
"611","Linear peptide","HADWGTIYAFVPRPNEKKST","Sus scrofa (pig)","Source Organism","Senecavirus A (Seneca valley virus)"
"612","Linear peptide","EKKSTAVKHVAVYIRYKNAR","Sus scrofa (pig)","Source Organism","Senecavirus A (Seneca valley virus)"
"613","Linear peptide","YKNARAWCPSMLPFRSYKQK","Sus scrofa (pig)","Source Organism","Senecavirus A (Seneca valley virus)"
"614","Linear peptide","YQTHYMENIVTLVPR","Sus scrofa (pig)","Source Organism","African swine fever virus (African swine fever virus ASF)"
"615","Linear peptide","NNYIPKYTGGIGDSK","Sus scrofa (pig)","Source Organism","African swine fever virus (African swine fever virus ASF)"
"616","Linear peptide","LNDYYQHILALGDED","Sus scrofa (pig)","Source Organism","African swine fever virus (African swine fever virus ASF)"
"617","Linear peptide","HDLQLNDGTVKAICVAGSFKVTA","Sus scrofa (pig)","Source Organism","Classical swine fever virus - Alfort/187"
"618","Linear peptide","KGKYNTTLLNGSAFYLVCPIGWTGVIE","Sus scrofa (pig)","Source Organism","Classical swine fever virus - Alfort/187"
"619","Linear peptide","HDLQLNDGTVKAICVAGSFKVTALNV","Sus scrofa (pig)","Source Organism","Classical swine fever virus - Alfort/187"
"620","Linear peptide","CTAVSPTTLRTEVVKTFRRDKPFPHRMDCVTTTVEN","Sus scrofa (pig)","Source Organism","Classical swine fever virus - Alfort/187"
"621","Linear peptide","VKYDIVKSARIYAGQGY","Sus scrofa (pig)","Source Organism","African swine fever virus (African swine fever virus ASF)"
