"","Reference","Epitope...2","Epitope...3","Host","1st immunogen...5","1st immunogen...6","Assay...7","Assay...8","Assay...9","Assay Antigen...10","Assay Antigen...11"
"1","2006","Linear peptide","TAVSPTTLRTEVVK","Sus scrofa (pig)","Epitope","TAVSPTTLRTEVVK","ELISA","qualitative binding","Positive","Epitope","TAVSPTTLRTEVVK"
"2","2006","Linear peptide","CKEDYRYAISSTNEIGLLGAGGLT","Sus scrofa (pig)","Epitope","CKEDYRYAISSTNEIGLLGAGGLT","ELISA","qualitative binding","Positive","Epitope","CKEDYRYAISSTNEIGLLGAGGLT"
"3","2006","Linear peptide","AGGLTTTWKEYSHDLQ","Sus scrofa (pig)","Epitope","AGGLTTTWKEYSHDLQ","ELISA","qualitative binding","Positive","Epitope","AGGLTTTWKEYSHDLQ"
"4","2006","Linear peptide","SHDLQLNDGTVKAICVAGSFKVT","Sus scrofa (pig)","Epitope","SHDLQLNDGTVKAICVAGSFKVT","ELISA","qualitative binding","Positive","Epitope","SHDLQLNDGTVKAICVAGSFKVT"
"5","2006","Linear peptide","SFKVTALNVVSRRYLASLHK","Sus scrofa (pig)","Epitope","SFKVTALNVVSRRYLASLHK","ELISA","qualitative binding","Positive","Epitope","SFKVTALNVVSRRYLASLHK"
"6","2006","Linear peptide","SLHKGALLTSVTFELLFDGTN","Sus scrofa (pig)","Epitope","SLHKGALLTSVTFELLFDGTN","ELISA","qualitative binding","Positive","Epitope","SLHKGALLTSVTFELLFDGTN"
"7","2002","Linear peptide","CKEDYRYAISSTNEIGLLGAGGLT","Sus scrofa (pig)","Epitope","CKEDYRYAISSTNEIGLLGAGGLT","ELISA","qualitative binding","Positive","Epitope","CKEDYRYAISSTNEIGLLGAGGLT"
"8","2002","Linear peptide","AGGLTTTWKEYSHDLQ","Sus scrofa (pig)","Epitope","AGGLTTTWKEYSHDLQ","ELISA","qualitative binding","Positive","Epitope","AGGLTTTWKEYSHDLQ"
"9","2002","Linear peptide","SHDLQLNDGTVKAICVAGSFKVT","Sus scrofa (pig)","Epitope","SHDLQLNDGTVKAICVAGSFKVT","ELISA","qualitative binding","Positive","Epitope","SHDLQLNDGTVKAICVAGSFKVT"
"10","2002","Linear peptide","SLHKGALLTSVTFELLFDGTN","Sus scrofa (pig)","Epitope","SLHKGALLTSVTFELLFDGTN","ELISA","qualitative binding","Positive","Epitope","SLHKGALLTSVTFELLFDGTN"
"11","1995","Linear peptide","ASARGDLAHLTTTHARHLP","Sus scrofa Landrace X Large White","Epitope","ASARGDLAHLTTTHARHLP","western blot","qualitative binding","Positive","Epitope","ASARGDLAHLTTTHARHLP"
"12","2002","Linear peptide","VYNGNCKYGENAVTNVRGDLQVLAQKAARCLPTSFNYGAIK","Sus scrofa (pig)","Epitope","VYNGNCKYGENAVTNVRGDLQVLAQKAARCLPTSFNYGAIK","ELISA","qualitative binding","Positive","Epitope","VYNGNCKYGENAVTNVRGDLQVLAQKAARCLPTSFNYGAIK"
"13","2001","Linear peptide","VYNGNCKYGENAVTNVRGDLQVLAQKAARCLPTSFNYGAIK","Sus scrofa (pig)","Epitope","VYNGNCKYGENAVTNVRGDLQVLAQKAARCLPTSFNYGAIK","ELISA","qualitative binding","Positive","Epitope","VYNGNCKYGENAVTNVRGDLQVLAQKAARCLPTSFNYGAIK"
"14","2005","Linear peptide","CKEDYRYAISSTNEIGLLGAGGLT","Sus scrofa (pig)","Epitope","CKEDYRYAISSTNEIGLLGAGGLT","ELISA","qualitative binding","Positive-High","Epitope","CKEDYRYAISSTNEIGLLGAGGLT"
"15","2005","Linear peptide","AGGLTTTWKEYSHDLQ","Sus scrofa (pig)","Epitope","AGGLTTTWKEYSHDLQ","ELISA","qualitative binding","Positive-Intermediate","Epitope","AGGLTTTWKEYSHDLQ"
"16","2005","Linear peptide","SHDLQLNDGTVKAICVAGSFKVT","Sus scrofa (pig)","Epitope","SHDLQLNDGTVKAICVAGSFKVT","ELISA","qualitative binding","Positive-Intermediate","Epitope","SHDLQLNDGTVKAICVAGSFKVT"
"17","2005","Linear peptide","SLHKGALLTSVTFELLFDGTN","Sus scrofa (pig)","Epitope","SLHKGALLTSVTFELLFDGTN","ELISA","qualitative binding","Positive-Intermediate","Epitope","SLHKGALLTSVTFELLFDGTN"
"18","1999","Linear peptide","GSGVRGDFGSLAPRVARQL + D-aa(G1,S2,G3,V4,R5,G6,D7,F8,G9,S10,L11,A12,P13,R14,V15,A16,R17,Q18,L19)","Sus scrofa (pig)","Epitope","GSGVRGDFGSLAPRVARQL + D-aa(G1,S2,G3,V4,R5,G6,D7,F8,G9,S10,L11,A12,P13,R14,V15,A16,R17,Q18,L19)","ELISA","qualitative binding","Positive","Epitope","GSGVRGDFGSLAPRVARQL + D-aa(G1,S2,G3,V4,R5,G6,D7,F8,G9,S10,L11,A12,P13,R14,V15,A16,R17,Q18,L19)"
"19","2008","Linear peptide","EMEPPFGDSYIVVGRGDKQINHHWHKA","Sus scrofa Yorkshire","Epitope","EMEPPFGDSYIVVGRGDKQINHHWHKA","ELISA","qualitative binding","Positive","Epitope","EMEPPFGDSYIVVGRGDKQINHHWHKA"
"20","2003","Linear peptide","GYYYPSDPNTFFYAPPYSA","Sus scrofa (pig)","Epitope","GYYYPSDPNTFFYAPPYSA","ELISA","qualitative binding","Positive","Epitope","GYYYPSDPNTFFYAPPYSA"
"21","2003","Linear peptide","APMSTPSATSVR","Sus scrofa (pig)","Epitope","APMSTPSATSVR","ELISA","qualitative binding","Positive","Epitope","APMSTPSATSVR"
"22","2003","Linear peptide","GNLLLSCL","Sus scrofa (pig)","Epitope","GNLLLSCL","ELISA","qualitative binding","Positive","Epitope","GNLLLSCL"
"23","1987","Linear peptide","CCELCCNPACAGCY","Sus scrofa (pig)","Epitope","CCELCCNPACAGCY","ELISA","qualitative binding","Positive","Source Antigen","Heat-stable enterotoxin ST-IA/ST-P precursor"
"24","1987","Linear peptide","NTFYCCELCCNPACAGCY","Sus scrofa (pig)","Epitope","NTFYCCELCCNPACAGCY","ELISA","qualitative binding","Positive","Source Antigen","Heat-stable enterotoxin ST-IA/ST-P precursor"
"25","2009","Linear peptide","DYKDDDDK","Sus scrofa (pig)","Epitope","DYKDDDDK","ELISA","qualitative binding","Positive","Epitope","DYKDDDDK"
"26","1995","Linear peptide","ASARGDLAHLTTTHARHLP","Sus scrofa Landrace X Large White","Epitope","ASARGDLAHLTTTHARHLP","inhibition by antigen","qualitative binding","Positive-High","Epitope","ASARGDLAHLTTTHARHLP"
"27","1998","Linear peptide","VEQHNPINAGTELSAT","Sus scrofa (pig)","Epitope","VEQHNPINAGTELSAT","western blot","qualitative binding","Positive","Source Antigen","capsid protein VP1"
"28","1998","Linear peptide","VEQHNPINAGTELSAT","Sus scrofa (pig)","Epitope","VEQHNPINAGTELSAT","ELISA","qualitative binding","Positive-Low","Epitope","VEQHNPINAGTELSAT"
"29","2011","Linear peptide","YDSCSRLLQIIDFYTDIVQKKYGGGEDCECTRV","Sus scrofa (pig)","Epitope","YDSCSRLLQIIDFYTDIVQKKYGGGEDCECTRV","ELISA","qualitative binding","Positive","Epitope","YDSCSRLLQIIDFYTDIVQKKYGGGEDCECTRV"
"30","2011","Linear peptide","VDMRGDCWSIEY","Sus scrofa (pig)","Epitope","VDMRGDCWSIEY","ELISA","qualitative binding","Positive","Epitope","VDMRGDCWSIEY"
"31","2011","Linear peptide","IRHQRSQTECG","Sus scrofa (pig)","Epitope","IRHQRSQTECG","ELISA","qualitative binding","Positive","Epitope","IRHQRSQTECG"
"32","2011","Linear peptide","PKGQTRTLGSNRERERI","Sus scrofa (pig)","Epitope","PKGQTRTLGSNRERERI","ELISA","qualitative binding","Positive","Epitope","PKGQTRTLGSNRERERI"
"33","2011","Linear peptide","MSRIFRGDNALNMGRPKFLSDQIFNKV","Sus scrofa (pig)","Epitope","MSRIFRGDNALNMGRPKFLSDQIFNKV","ELISA","qualitative binding","Positive","Epitope","MSRIFRGDNALNMGRPKFLSDQIFNKV"
"34","2011","Linear peptide","SRIFRGDN","Sus scrofa (pig)","Epitope","SRIFRGDN","ELISA","qualitative binding","Positive","Epitope","SRIFRGDN"
"35","2011","Linear peptide","RCAWEETKNIINDFLEIPEERCT","Sus scrofa (pig)","Epitope","RCAWEETKNIINDFLEIPEERCT","ELISA","qualitative binding","Positive","Epitope","RCAWEETKNIINDFLEIPEERCT"
"36","2011","Linear peptide","FRKRKNSTSLQSHIPSDEQL","Sus scrofa (pig)","Epitope","FRKRKNSTSLQSHIPSDEQL","ELISA","qualitative binding","Positive","Epitope","FRKRKNSTSLQSHIPSDEQL"
"37","2011","Linear peptide","LKEEEKEVVRLMVIKLLKKNKL","Sus scrofa (pig)","Epitope","LKEEEKEVVRLMVIKLLKKNKL","ELISA","qualitative binding","Positive","Epitope","LKEEEKEVVRLMVIKLLKKNKL"
"38","2011","Linear peptide","SRKKKAAAAIEEEDI","Sus scrofa (pig)","Epitope","SRKKKAAAAIEEEDI","ELISA","qualitative binding","Positive","Epitope","SRKKKAAAAIEEEDI"
"39","2011","Linear peptide","NKPVTDNPVTDRL","Sus scrofa (pig)","Epitope","NKPVTDNPVTDRL","ELISA","qualitative binding","Positive","Epitope","NKPVTDNPVTDRL"
"40","2011","Linear peptide","YCEYPGERLYENVRFDVNGNSLDEYSSDVTTL","Sus scrofa (pig)","Epitope","YCEYPGERLYENVRFDVNGNSLDEYSSDVTTL","ELISA","qualitative binding","Positive","Epitope","YCEYPGERLYENVRFDVNGNSLDEYSSDVTTL"
"41","2011","Linear peptide","LCNIHDLHKPHQSKPILTDENDTQRTCS","Sus scrofa (pig)","Epitope","LCNIHDLHKPHQSKPILTDENDTQRTCS","ELISA","qualitative binding","Positive","Epitope","LCNIHDLHKPHQSKPILTDENDTQRTCS"
"42","2011","Linear peptide","QKDLVNEFPGLFIRQSRFIPGRPSRRNIRFKP","Sus scrofa (pig)","Epitope","QKDLVNEFPGLFIRQSRFIPGRPSRRNIRFKP","ELISA","qualitative binding","Positive","Epitope","QKDLVNEFPGLFIRQSRFIPGRPSRRNIRFKP"
"43","2011","Linear peptide","ACSSISDISPVTYPITLPIIKNISVTAHGINLIDK","Sus scrofa (pig)","Epitope","ACSSISDISPVTYPITLPIIKNISVTAHGINLIDK","ELISA","qualitative binding","Positive","Epitope","ACSSISDISPVTYPITLPIIKNISVTAHGINLIDK"
"44","2011","Linear peptide","LKPREEYQPS","Sus scrofa (pig)","Epitope","LKPREEYQPS","ELISA","qualitative binding","Positive","Epitope","LKPREEYQPS"
"45","2011","Linear peptide","IKKQIPRCKDAFNKIES","Sus scrofa (pig)","Epitope","IKKQIPRCKDAFNKIES","ELISA","qualitative binding","Positive","Epitope","IKKQIPRCKDAFNKIES"
"46","2011","Linear peptide","KEDFRYAISSTNEIGLLGA","Sus scrofa Landrace X Large White","Epitope","KEDFRYAISSTNEIGLLGA","ELISA","qualitative binding","Positive","Epitope","KEDFRYAISSTNEIGLLGA"
"47","2011","Linear peptide","AEGLTTTWKDYDHNLQ","Sus scrofa Landrace X Large White","Epitope","AEGLTTTWKDYDHNLQ","ELISA","qualitative binding","Positive","Epitope","AEGLTTTWKDYDHNLQ"
"48","2011","Linear peptide","TAVSPTTLRTEVVK","Sus scrofa Landrace X Large White","Epitope","TAVSPTTLRTEVVK","ELISA","qualitative binding","Positive","Epitope","TAVSPTTLRTEVVK"
"49","2011","Linear peptide","KHKVRNEVMVHWFGD","Sus scrofa Landrace X Large White","Epitope","KHKVRNEVMVHWFGD","ELISA","qualitative binding","Positive","Epitope","KHKVRNEVMVHWFGD"
"50","2011","Linear peptide","KEDFRYAISSTNEIGLLGA","Sus scrofa Landrace X Large White","Epitope","KEDFRYAISSTNEIGLLGA","ELISA","qualitative binding","Positive","Source Antigen","envelope protein"
"51","2011","Linear peptide","AEGLTTTWKDYDHNLQ","Sus scrofa Landrace X Large White","Epitope","AEGLTTTWKDYDHNLQ","ELISA","qualitative binding","Positive","Source Antigen","envelope protein"
"52","2011","Linear peptide","TAVSPTTLRTEVVK","Sus scrofa Landrace X Large White","Epitope","TAVSPTTLRTEVVK","ELISA","qualitative binding","Positive","Source Antigen","envelope protein"
"53","2012","Linear peptide","AAIEFFEGMVHDSIK","Sus scrofa Landrace X Large White","Epitope","AAIEFFEGMVHDSIK","ELISA","qualitative binding","Positive","Epitope","AAIEFFEGMVHDSIK"
"54","2012","Linear peptide","NSENGTCYPGDFIDYEELREQLSSVSSFEKFEIF","Sus scrofa (pig)","Epitope","NSENGTCYPGDFIDYEELREQLSSVSSFEKFEIF","ELISA","qualitative binding","Positive","Epitope","NSENGTCYPGDFIDYEELREQLSSVSSFEKFEIF"
"55","2012","Linear peptide","EELKHLLSRINHFEKIQIIPKNSWSDHEASGVSS","Sus scrofa (pig)","Epitope","EELKHLLSRINHFEKIQIIPKNSWSDHEASGVSS","ELISA","qualitative binding","Positive","Epitope","EELKHLLSRINHFEKIQIIPKNSWSDHEASGVSS"
"56","2012","Linear peptide","LCDLDGVHPLILRDCSVAGWLLGNPMCDEFINVPE","Sus scrofa (pig)","Epitope","LCDLDGVHPLILRDCSVAGWLLGNPMCDEFINVPE","ELISA","qualitative binding","Positive","Epitope","LCDLDGVHPLILRDCSVAGWLLGNPMCDEFINVPE"
"57","2012","Linear peptide","LCNLDGVKPLILRDCSVAGWLLGNPMCDEFINVPE","Sus scrofa (pig)","Epitope","LCNLDGVKPLILRDCSVAGWLLGNPMCDEFINVPE","ELISA","qualitative binding","Positive","Epitope","LCNLDGVKPLILRDCSVAGWLLGNPMCDEFINVPE"
"58","2012","Linear peptide","KEDFRYAISSTNEIGLLGA","Sus scrofa Landrace X Large White","Epitope","KEDFRYAISSTNEIGLLGA","ELISA","qualitative binding","Positive","Epitope","KEDFRYAISSTNEIGLLGA"
"59","2012","Linear peptide","EIGLLGAEGLTTTW","Sus scrofa Landrace X Large White","Epitope","EIGLLGAEGLTTTW","ELISA","qualitative binding","Positive","Epitope","EIGLLGAEGLTTTW"
"60","2012","Linear peptide","KEDFRYAISSTNEIGLLGA","Sus scrofa Landrace X Large White","Epitope","KEDFRYAISSTNEIGLLGA","ELISA","qualitative binding","Positive","Epitope","KEDFRYAISSTNEIGLLGA"
"61","2012","Linear peptide","KEDFRYAISSTNEIGLLGA","Sus scrofa Landrace X Large White","Epitope","KEDFRYAISSTNEIGLLGA","ELISA","qualitative binding","Positive","Epitope","KEDFRYAISSTNEIGLLGA"
"62","2012","Linear peptide","EIGLLGAEGLTTTW","Sus scrofa Landrace X Large White","Epitope","EIGLLGAEGLTTTW","ELISA","qualitative binding","Positive","Epitope","EIGLLGAEGLTTTW"
"63","2012","Linear peptide","EIGLLGAEGLTTTW","Sus scrofa Landrace X Large White","Epitope","EIGLLGAEGLTTTW","ELISA","qualitative binding","Positive","Epitope","EIGLLGAEGLTTTW"
"64","2012","Linear peptide","KEDFRYAISSTNEIGLLGA","Sus scrofa Landrace X Large White","Epitope","KEDFRYAISSTNEIGLLGA","cross blocking","qualitative binding","Positive","Source Antigen","envelope protein"
"65","2012","Linear peptide","EIGLLGAEGLTTTW","Sus scrofa Landrace X Large White","Epitope","EIGLLGAEGLTTTW","cross blocking","qualitative binding","Positive","Source Antigen","envelope protein"
"66","2012","Linear peptide","KEDFRYAISSTNEIGLLGA","Sus scrofa Landrace X Large White","Epitope","KEDFRYAISSTNEIGLLGA","ELISA","qualitative binding","Positive","Epitope","KEDFRYAISSTNEIGLLGA"
"67","2012","Linear peptide","EIGLLGAEGLTTTW","Sus scrofa Landrace X Large White","Epitope","EIGLLGAEGLTTTW","ELISA","qualitative binding","Positive","Epitope","EIGLLGAEGLTTTW"
"68","2012","Linear peptide","GEGGYGSHD","Sus scrofa (pig)","Epitope","GEGGYGSHD","ELISA","qualitative binding","Positive","Epitope","GEGGYGSHD"
"69","2012","Linear peptide","GPNSSDADS","Sus scrofa (pig)","Epitope","GPNSSDADS","ELISA","qualitative binding","Positive","Epitope","GPNSSDADS"
"70","2012","Linear peptide","GQQGLNGDS","Sus scrofa (pig)","Epitope","GQQGLNGDS","ELISA","qualitative binding","Positive","Epitope","GQQGLNGDS"
"71","2012","Linear peptide","DVGGGTGTE","Sus scrofa (pig)","Epitope","DVGGGTGTE","ELISA","qualitative binding","Positive","Epitope","DVGGGTGTE"
"72","2012","Linear peptide","DPGLSLGDD","Sus scrofa (pig)","Epitope","DPGLSLGDD","ELISA","qualitative binding","Positive","Epitope","DPGLSLGDD"
"73","2012","Linear peptide","AYNLGEGDT","Sus scrofa (pig)","Epitope","AYNLGEGDT","ELISA","qualitative binding","Positive","Epitope","AYNLGEGDT"
"74","2015","Linear peptide","QAAAEAYEPGRS","Sus scrofa (pig)","Epitope","QAAAEAYEPGRS","ELISA","qualitative binding","Positive-Low","Epitope","QAAAEAYEPGRS"
"75","2015","Linear peptide","TPVTRVSAEQWGRP","Sus scrofa (pig)","Epitope","TPVTRVSAEQWGRP","ELISA","qualitative binding","Positive","Epitope","TPVTRVSAEQWGRP"
"76","2016","Linear peptide","QAAAEAYEPGRS","Sus scrofa (pig)","Epitope","QAAAEAYEPGRS","ELISA","qualitative binding","Positive","Epitope","QAAAEAYEPGRS"
"77","2016","Linear peptide","SSSNLQLIYNLT","Sus scrofa (pig)","Epitope","SSSNLQLIYNLT","ELISA","qualitative binding","Positive","Epitope","SSSNLQLIYNLT"
"78","2016","Linear peptide","TPVTRVSAEQWGRP","Sus scrofa (pig)","Epitope","TPVTRVSAEQWGRP","ELISA","qualitative binding","Positive","Epitope","TPVTRVSAEQWGRP"
"79","2017","Linear peptide","KKDLCEHY","Sus scrofa (pig)","Epitope","KKDLCEHY","ELISA","qualitative binding","Positive","Source Antigen","Heat-stable enterotoxin II"
"80","2017","Linear peptide","QSYVSSLN","Sus scrofa (pig)","Epitope","QSYVSSLN","ELISA","qualitative binding","Positive","Source Antigen","shiga toxin 2e A-subunit"
"81","2017","Linear peptide","KKDLCEHY","Sus scrofa (pig)","Epitope","KKDLCEHY","ELISA","qualitative binding","Positive","Source Antigen","Heat-stable enterotoxin II"
"82","2017","Linear peptide","QSYVSSLN","Sus scrofa (pig)","Epitope","QSYVSSLN","ELISA","qualitative binding","Positive","Source Antigen","shiga toxin 2e A-subunit"
"83","2017","Linear peptide","KEDFRYAISSTNEIGLLGA","Sus scrofa Landrace X Large White","Epitope","KEDFRYAISSTNEIGLLGA","ELISA","qualitative binding","Positive","Epitope","KEDFRYAISSTNEIGLLGA"
"84","2017","Linear peptide","KEDFRYAISSTNEIGLLGA","Sus scrofa Landrace X Large White","Epitope","KEDFRYAISSTNEIGLLGA","ELISA","qualitative binding","Positive","Epitope","KEDFRYAISSTNEIGLLGA"
"85","1996","Linear peptide","FSETIPAPTGKDEAQQRSDVELLRFSLLLIQSWLGPVQFLSR","Sus scrofa Duroc X Yorkshire X Hampshire","Epitope","FSETIPAPTGKDEAQQRSDVELLRFSLLLIQSWLGPVQFLSR","ELISA","qualitative binding","Positive","Epitope","FSETIPAPTGKDEAQQRSDVELLRFSLLLIQSWLGPVQFLSR"
"86","1996","Linear peptide","FSETIPAPTGKDEAQQRSDVELLRFSLLLIQSWLGPVQFLSR","Sus scrofa Duroc X Yorkshire X Hampshire","Epitope","FSETIPAPTGKDEAQQRSDVELLRFSLLLIQSWLGPVQFLSR","ELISA","qualitative binding","Positive","Source Antigen","growth hormone [Sus scrofa]"
"87","2018","Linear peptide","CFEFYHKCDNTCMES","Sus scrofa (pig)","Epitope","CFEFYHKCDNTCMES","ELISA","qualitative binding","Positive","Epitope","CFEFYHKCDNTCMES"
"88","2020","Linear peptide","PVTNVRGDLQVLAQKAART","Sus scrofa Landrace X Large White","Epitope","PVTNVRGDLQVLAQKAART","ELISA","qualitative binding","Positive","Epitope","PVTNVRGDLQVLAQKAART"
"89","2020","Linear peptide","PVTNVRGDLQVLAQKAART","Sus scrofa domesticus (domestic pig)","Epitope","PVTNVRGDLQVLAQKAART","ELISA","qualitative binding","Positive","Epitope","PVTNVRGDLQVLAQKAART"
"90","2020","Linear peptide","PVTNVRGDLQVLAQKAART","Sus scrofa Landrace X Large White","Epitope","PVTNVRGDLQVLAQKAART","ELISA","qualitative binding","Positive","Epitope","PVTNVRGDLQVLAQKAART"
"91","2020","Linear peptide","PVTNVRGDLQVLAQKAART","Sus scrofa Landrace X Large White","Epitope","PVTNVRGDLQVLAQKAART","ELISA","qualitative binding","Positive","Epitope","PVTNVRGDLQVLAQKAART"
"92","2020","Linear peptide","QSSEKRDGEQVNKGKPP","Sus scrofa (pig)","Epitope","QSSEKRDGEQVNKGKPP","ELISA","qualitative binding","Positive","Epitope","QSSEKRDGEQVNKGKPP"
"93","2020","Linear peptide","PVTNVRGDLQVLAQKAART","Sus scrofa Landrace X Large White","Epitope","PVTNVRGDLQVLAQKAART","ELISA","qualitative binding","Positive","Epitope","PVTNVRGDLQVLAQKAART"
"94","2021","Linear peptide","PVTNVRGDLQVLAQKAART","Sus scrofa Landrace X Large White","Epitope","PVTNVRGDLQVLAQKAART","ELISA","qualitative binding","Positive","Epitope","PVTNVRGDLQVLAQKAART"
"95","2023","Linear peptide","FYSDPKSAV","Sus scrofa domesticus (domestic pig)","Epitope","FYSDPKSAV","ELISA","qualitative binding","Positive","Epitope","FYSDPKSAV"
"96","2023","Linear peptide","DCEPVGKRP","Sus scrofa domesticus (domestic pig)","Epitope","DCEPVGKRP","ELISA","qualitative binding","Positive","Epitope","DCEPVGKRP"
"97","2023","Linear peptide","DCEPVGKRP","Sus scrofa domesticus (domestic pig)","Epitope","DCEPVGKRP","western blot","qualitative binding","Positive","Source Antigen","A disintegrin and metalloproteinase with thrombospondin motifs 7"
"98","2024","Linear peptide","ASNDSSSHLQLIYNLTLCELNGTDWLANKF","Sus scrofa (pig)","Epitope","ASNDSSSHLQLIYNLTLCELNGTDWLANKF","ELISA","qualitative binding","Positive","Epitope","ASNDSSSHLQLIYNLTLCELNGTDWLANKF"
"99","2024","Linear peptide","SSSNLQLIYNLTTPVTRVSAEQWGRPC","Sus scrofa (pig)","Epitope","SSSNLQLIYNLTTPVTRVSAEQWGRPC","ELISA","qualitative binding","Positive","Epitope","SSSNLQLIYNLTTPVTRVSAEQWGRPC"
